{"type":"FeatureCollection","features":[{"type":"Feature","properties":{"NPU":"A","OBJECTID_1":6,"OBJECTID":6,"GlobalID":"{BE4EBC68-9145-448E-A6F5-E97B7C28B220}","NPU_1":null,"scenario":"ssp126","year":2025,"MEAN_FL_depth10":0.23,"MEAN_FL_depth20":0.24,"MEAN_FL_depth50":0.26,"MEAN_FL_depth100":0.27,"MEAN_FL_depth200":0.29,"MEAN_FL_depth500":0.3,"MEAN_DT_monthsExtreme3moSPEI":0.19,"MEAN_DT_totalWaterStress":0.29,"MEAN_HT_daysExceeding35C":21.03,"HT_waveMax35CMin24C_mean":0.18,"Shape__Area":0.0028913537896642083,"Shape__Length":0.31667264202713064},"geometry":{"type":"Polygon","coordinates":[[[-84.4553602959409,33.8268911555025],[-84.4554029930537,33.8270539076118],[-84.4553063267256,33.8274044561508],[-84.455348598459,33.8274814623996],[-84.4552992310746,33.8275610209244],[-84.4552109158511,33.827518296832],[-84.4550415690132,33.8280120291319],[-84.4551704418624,33.8284683640238],[-84.4552160968453,33.828954560005],[-84.4556391550229,33.8298937121252],[-84.4558508608285,33.8303356938372],[-84.4562499241946,33.8309730011032],[-84.4564998889587,33.831262951524],[-84.4569034300492,33.8319308150551],[-84.457327354274,33.8324839277911],[-84.4576646126317,33.8330488774038],[-84.4579189561948,33.8333657760098],[-84.4580400553043,33.8335460154363],[-84.4581065071096,33.8336950942532],[-84.4583457537535,33.8339737042231],[-84.4584423634243,33.8341853821497],[-84.4585660166084,33.834277516794],[-84.4586569974225,33.834432487969],[-84.4586625741185,33.8346048862066],[-84.4585737318922,33.8346860716049],[-84.4585711139657,33.8348858110314],[-84.4587539964997,33.8352298376869],[-84.4589079262598,33.8354191063067],[-84.4589618397171,33.8355490979126],[-84.4593067423123,33.8357874182548],[-84.4594070859682,33.8359952992437],[-84.4595821075282,33.8360706282569],[-84.4597711081501,33.8365603594731],[-84.4599219946043,33.8367967040047],[-84.4599178262466,33.8370110547165],[-84.4598236006786,33.8370560945631],[-84.4600551895953,33.8373848543276],[-84.4600295382326,33.8379108030412],[-84.4602118218181,33.8380758367305],[-84.4602697201714,33.8384318810266],[-84.4603516439132,33.8384898477283],[-84.4603085861723,33.8386690340487],[-84.4604848460987,33.8389222696471],[-84.4606800313583,33.8394705053596],[-84.4607846180157,33.8396656600422],[-84.4609163974737,33.8401755432668],[-84.4610607656418,33.8405877394327],[-84.4611161512893,33.8409888757361],[-84.4611252002678,33.8412627085073],[-84.4611359642533,33.8419322150997],[-84.4609317066329,33.8425621991862],[-84.4608306633044,33.8427518931854],[-84.460824323084,33.8429824802573],[-84.4606364241316,33.8435494830223],[-84.4603571495628,33.8442418629717],[-84.4599674580317,33.8449135854936],[-84.4596811732475,33.8453827132417],[-84.4594478099684,33.8457942753856],[-84.4592519421234,33.8462243230941],[-84.4591746696752,33.846565449436],[-84.4591392058097,33.8469347002762],[-84.458771528783,33.8483456916005],[-84.4588384590276,33.8488068072884],[-84.4590637131198,33.849464697338],[-84.4601966502552,33.8515973586312],[-84.4602474817358,33.8517867801359],[-84.460277644098,33.8519792269598],[-84.4602833296119,33.8524418786898],[-84.4601887317245,33.8527481590004],[-84.4598432085971,33.853366663241],[-84.4594831110567,33.8538522872533],[-84.4592689015386,33.8539965304156],[-84.458916622704,33.8544400238881],[-84.458879915076,33.854549850895],[-84.4583594594215,33.8550564102252],[-84.458100043682,33.8552606336714],[-84.4578814652574,33.8554684571037],[-84.4575225737078,33.8557802187821],[-84.456867249424,33.8566707274721],[-84.4559721496949,33.8575497158467],[-84.4555891976833,33.8578415107772],[-84.455240776041,33.8578788470312],[-84.454777163835,33.8581377771367],[-84.4546539117486,33.8584781534441],[-84.4544815261015,33.8587757642902],[-84.454350044319,33.8591493858356],[-84.4542685909227,33.8593960168128],[-84.4542611229524,33.8595880121771],[-84.4542185742278,33.859739690934],[-84.4542749455323,33.8599089028736],[-84.4542565804768,33.8602005638051],[-84.4543581310229,33.8604179137558],[-84.4545198309254,33.8609729078735],[-84.4549667741973,33.8619975756276],[-84.4551108563809,33.8622421462581],[-84.4555410812558,33.862666031812],[-84.4559511388339,33.8632150319482],[-84.4561519610442,33.8636821946776],[-84.4562063862157,33.8642764828734],[-84.4560291730079,33.8648884490427],[-84.4557976425471,33.8654150578587],[-84.4554524099008,33.8660908983763],[-84.4549940749166,33.8666184874533],[-84.4543657168044,33.8673575664985],[-84.4538518450865,33.8678375796406],[-84.4537372678606,33.8678593971935],[-84.4536549735981,33.8679110776342],[-84.4534812497598,33.8681882217091],[-84.4532845833168,33.8682435030353],[-84.4529930590824,33.8685122636301],[-84.4520341362663,33.8692419033912],[-84.4517539749659,33.8700864792077],[-84.4519487330476,33.8710106558171],[-84.4520125858122,33.871417816679],[-84.4519622318714,33.8718526415862],[-84.4517961783509,33.8724076321066],[-84.4517111951155,33.8725854343704],[-84.4512356785837,33.8730844645764],[-84.4504373980674,33.8737888810521],[-84.4491380054146,33.8748618648832],[-84.4474711857466,33.8765462986728],[-84.4463117527851,33.8773108186394],[-84.4443139088598,33.8784357509092],[-84.4437769560416,33.8785490016352],[-84.4403574242557,33.878518900427],[-84.4403741687329,33.8785967718236],[-84.4401883804893,33.8790251413972],[-84.4398721401871,33.879117819232],[-84.4400573546632,33.8792914405476],[-84.439516232588,33.8798579297997],[-84.4392579562896,33.879953091562],[-84.4389123450287,33.8798954243344],[-84.4387663688728,33.8797792436172],[-84.4388129312717,33.8794476680755],[-84.4387205475152,33.8793888991784],[-84.4385833181656,33.8794718904155],[-84.438203895993,33.879351355181],[-84.4380425845976,33.8792631613659],[-84.4379373917972,33.8793826003268],[-84.4376236992742,33.8794923994547],[-84.4371581769083,33.8794382359858],[-84.4372589486416,33.8796976211484],[-84.4371233506621,33.8799589677323],[-84.436770659938,33.8801158292821],[-84.4363704571309,33.8801921799252],[-84.436181618387,33.8803953907347],[-84.4361956001468,33.8784895690384],[-84.4299340353274,33.8784785154712],[-84.4294279121684,33.8798913207279],[-84.42925058025,33.8812025853311],[-84.4290748446284,33.8812221213039],[-84.4289537787938,33.8812299364125],[-84.4288862325136,33.881230423845],[-84.4288087766037,33.8812226878768],[-84.4287271847118,33.8812094633461],[-84.4286925689069,33.8812033542515],[-84.4285705713747,33.8811761317731],[-84.4285013064901,33.8811532620135],[-84.4284823334929,33.8811443704164],[-84.4283750731511,33.8810875737326],[-84.4282702634619,33.8810239008324],[-84.4282306222454,33.8809910063299],[-84.4276899777103,33.8804384161],[-84.427946529109,33.8786676141191],[-84.427347979026,33.8787082490865],[-84.4266271175474,33.8786739876145],[-84.4265590154861,33.8784706724836],[-84.4248975854551,33.8784755396145],[-84.4247607733909,33.8787245385067],[-84.4244147205629,33.8795167414045],[-84.4244138940859,33.8795160561211],[-84.4228210904209,33.8790624911411],[-84.4231488366494,33.8784791917614],[-84.417635911568,33.8784033384434],[-84.406949702067,33.8783069931732],[-84.406967850386,33.8823852765593],[-84.4051744772203,33.8823500393229],[-84.4051625225324,33.8830528648978],[-84.4044314753323,33.8833145406336],[-84.4048156279388,33.8837787715731],[-84.4051561697214,33.8836541462219],[-84.4051399693341,33.8852026151087],[-84.4049195194203,33.8851637266247],[-84.4048442560575,33.8851622499379],[-84.4047690952175,33.8851665424021],[-84.4046218573128,33.8851923457502],[-84.404542564088,33.8852174764054],[-84.4044700580467,33.8852458410228],[-84.4044012266353,33.8852811412117],[-84.404336869351,33.8853219326611],[-84.4042776966583,33.8853678538434],[-84.4042217039684,33.8854343955809],[-84.4041103472147,33.885506177668],[-84.4040462309488,33.8855690231919],[-84.4038086597418,33.8858202497048],[-84.4038005973197,33.8858066501568],[-84.4033707969247,33.8862941357658],[-84.4032401748941,33.8864283820643],[-84.4030824697801,33.8865406786095],[-84.4029950322949,33.8865873750074],[-84.4029029372207,33.8866273174967],[-84.4028068995187,33.8866600546179],[-84.402707631452,33.8866854029091],[-84.4025729444858,33.8867045971395],[-84.4024918103487,33.8867044622412],[-84.401842537603,33.8867393568359],[-84.4015411442084,33.8859296441378],[-84.4011339446758,33.8859370311691],[-84.4011240305495,33.8823125025201],[-84.4010366973856,33.8823070670176],[-84.4010356559707,33.8819261267894],[-84.4004762407858,33.8813162002825],[-84.4002837004324,33.8812725615795],[-84.4002477563288,33.8813016654395],[-84.3992245202953,33.8813188397927],[-84.3991999193408,33.879481174117],[-84.3973211807279,33.8794704577954],[-84.3973420962607,33.8782375816991],[-84.397259047467,33.8782572138994],[-84.3961134829509,33.8782443841711],[-84.3957672088895,33.8785733921484],[-84.3948781678931,33.8783658250229],[-84.3950114950844,33.8782317909644],[-84.3891640797584,33.8781667250144],[-84.3886871980557,33.8781619837886],[-84.3886931965338,33.8789756580003],[-84.3888867207455,33.8789555617498],[-84.3891525072823,33.8788838129377],[-84.3896650309164,33.8796783837504],[-84.3901824990231,33.879789488694],[-84.3905602646445,33.8804162361204],[-84.3909159087422,33.8802867409404],[-84.3912330870373,33.8808575766159],[-84.3903608570679,33.8812176966395],[-84.3912101974926,33.8823757833158],[-84.3926235405439,33.8834431985449],[-84.3939102176824,33.8848581594766],[-84.394637021881,33.8853722083608],[-84.3954859809932,33.8863509989994],[-84.3946861923139,33.8868760726727],[-84.3946037217843,33.886780463048],[-84.3944591791478,33.8866485378998],[-84.3942244399059,33.8864670043488],[-84.3932566560698,33.8858281133768],[-84.3931006344866,33.8857712312574],[-84.3929395578143,33.8857252687062],[-84.3927744980446,33.8856904037892],[-84.3926065262701,33.8856670879658],[-84.3924368008177,33.8856552250087],[-84.3922997351446,33.88565150901],[-84.3922918265066,33.8850123896102],[-84.3900846464892,33.8836420872126],[-84.3888432448198,33.8821345770492],[-84.3872193974572,33.8809179130313],[-84.3872847520896,33.8781441835073],[-84.3873701813887,33.8781429406442],[-84.3874122049093,33.8770853190323],[-84.3874191728565,33.8769121707601],[-84.3874442351633,33.8760890410765],[-84.387425826041,33.8759774289153],[-84.3874307057624,33.8749932225592],[-84.387457775356,33.8739900818769],[-84.3874673360487,33.8732246922658],[-84.3874775010858,33.8723744507204],[-84.3874889647439,33.8713885140687],[-84.3874950036914,33.870855008352],[-84.3875198294765,33.8686615591836],[-84.3875226497505,33.8681576015921],[-84.3874822495061,33.8675011981218],[-84.3875298443268,33.8667934514567],[-84.3875365784503,33.8665299563924],[-84.3875657434643,33.8663419953868],[-84.3876254458576,33.8661787144761],[-84.3877082428411,33.8660281023151],[-84.3878280199471,33.8658461622706],[-84.3880004406678,33.8656390511014],[-84.3880907712721,33.8655361749546],[-84.3881129332652,33.8655072788379],[-84.3881736015305,33.8653996452775],[-84.388187523935,33.8653690467441],[-84.3882104089831,33.8653013313914],[-84.3882250697312,33.865237409379],[-84.3882331204621,33.8651655985136],[-84.3882322076502,33.8651309044677],[-84.3882271831379,33.8650989659446],[-84.3882088378675,33.865011742498],[-84.3882013339244,33.8649763730612],[-84.3881788652624,33.8648864102797],[-84.3881556726461,33.8648352667342],[-84.3880879150252,33.8647488203019],[-84.3877938942728,33.8644295259019],[-84.3877162387134,33.8643369137176],[-84.3876732475223,33.8642730951273],[-84.3876418009283,33.8642150960499],[-84.3876128337652,33.8641601834457],[-84.3875962367769,33.864111432097],[-84.3875753050563,33.8639785257884],[-84.3875668631202,33.8638984996161],[-84.3875136673219,33.8633894905326],[-84.3874884152581,33.8631779241219],[-84.3874825822553,33.8631514831545],[-84.3874427386914,33.8630302905156],[-84.3874369299703,33.8630134677974],[-84.387383860077,33.8628727176019],[-84.3873465651918,33.862781751177],[-84.3872993435898,33.8626736238887],[-84.3872554566739,33.8625812949908],[-84.3872024821088,33.8624776445277],[-84.3871346201665,33.8623496314304],[-84.3870650692975,33.862205474603],[-84.3870286233723,33.8621241246287],[-84.3870087249726,33.862072287706],[-84.3869606256324,33.86194252183],[-84.3869506647413,33.8619123091058],[-84.3868776092143,33.8616853696841],[-84.3868360182676,33.8615246743243],[-84.3868200319189,33.8613924443059],[-84.3867807351428,33.860520648709],[-84.3867763617397,33.8604210335039],[-84.3867623062354,33.8600785644742],[-84.3867128489188,33.8590978870579],[-84.3866918623395,33.8589155504123],[-84.3861624521354,33.8583468910962],[-84.385960425733,33.8582445365562],[-84.3853468299922,33.8578948873392],[-84.3853072805065,33.8578867134012],[-84.3851274547682,33.8577698887694],[-84.3847678554521,33.8575565093255],[-84.384757958413,33.8575506871146],[-84.3843981729373,33.8572627619669],[-84.3838831383961,33.8568047201617],[-84.3835241317333,33.8564968669369],[-84.3832394045749,33.8562531200855],[-84.3829233171573,33.8559816021693],[-84.3826451955193,33.855743340283],[-84.3826446280471,33.8555179881646],[-84.3826466488238,33.85533935133],[-84.382649950235,33.8550150566996],[-84.3826552580337,33.8544626598239],[-84.3826564757157,33.854335895885],[-84.3826597636372,33.8540064490384],[-84.3826617079714,33.8537975823926],[-84.382665666787,33.8534073296846],[-84.3826851631897,33.8533011449319],[-84.3828103092483,33.8532916507891],[-84.3830144130847,33.8532445730787],[-84.3831098599321,33.8532141759935],[-84.3832348962734,33.8531617401223],[-84.3833533109066,33.8530955752007],[-84.383557163832,33.8529495621726],[-84.3835678522746,33.8529430160074],[-84.38367226896,33.8528779059906],[-84.3839124320131,33.8527620580226],[-84.3841905095843,33.8526609148694],[-84.384231645474,33.8526460706597],[-84.3846792434523,33.8524996250577],[-84.3849161851338,33.8524140113976],[-84.3849654967602,33.8523754484683],[-84.3850312407991,33.852323116019],[-84.385162659629,33.8521909696376],[-84.3853727196752,33.8518975694174],[-84.3858092487978,33.8512884100322],[-84.3858642441395,33.851219607399],[-84.3859766737845,33.8510689439767],[-84.3864045235499,33.8506112924772],[-84.3864932263813,33.8505214726879],[-84.3865301795241,33.8504815580775],[-84.3866360657019,33.8503487686808],[-84.3866557572574,33.8503209076838],[-84.3867016649498,33.8502407843848],[-84.3867442460501,33.8501479563632],[-84.3867712266108,33.8500726759133],[-84.3868096465479,33.8499626789346],[-84.3868358330072,33.8498987362377],[-84.3868751171929,33.8498045403473],[-84.3869275422722,33.8496972665157],[-84.3869841474004,33.8496147186444],[-84.3871270370831,33.8494626253],[-84.3871853653123,33.8494096183592],[-84.3872363128056,33.8493683035044],[-84.3873406710351,33.8492832663097],[-84.387459051494,33.8492074777429],[-84.3876441229779,33.8491284794958],[-84.3880135096157,33.8489979635852],[-84.388479192061,33.8488490673307],[-84.3887753900722,33.8487564686362],[-84.3889333613855,33.8487070598829],[-84.3892657607063,33.8486030586843],[-84.389552083262,33.8485135680468],[-84.3903535024122,33.848280923326],[-84.3912183597395,33.8480636174421],[-84.3913088774027,33.848040780058],[-84.391684953198,33.8479524954114],[-84.3920972123165,33.8478462782832],[-84.3923340766563,33.8477386654071],[-84.3927393318547,33.8474751262761],[-84.392920216095,33.8473731098812],[-84.3932597839118,33.8471814859369],[-84.3935015648453,33.8470663043665],[-84.393680939124,33.8470161626659],[-84.394252245145,33.8469608318769],[-84.3943757148673,33.8469444579205],[-84.3944193265906,33.8469333845681],[-84.3944999373222,33.8469016313053],[-84.394585471842,33.8468636853109],[-84.3946627586793,33.8468202579486],[-84.3947227416612,33.8467727404696],[-84.3951334089796,33.8463817350291],[-84.3953026038321,33.8462206511622],[-84.3954175344916,33.8460905849126],[-84.3954897050858,33.8459818964474],[-84.3956631618254,33.8452587956569],[-84.3956656025854,33.845247798747],[-84.3956858957874,33.8451385194272],[-84.39568818726,33.8450715271293],[-84.3956813659022,33.8449835977149],[-84.3956737630337,33.8449114711875],[-84.3956629441895,33.8448685510429],[-84.3956190239987,33.8447635138252],[-84.3955237947873,33.8445616960655],[-84.3954551162606,33.8444350625282],[-84.3954061050077,33.8442733527331],[-84.3953635275047,33.8440539190532],[-84.3957965798483,33.8440345638441],[-84.3959217375981,33.8440357059831],[-84.3960757554917,33.8440522517101],[-84.3962042704107,33.8440767465447],[-84.3962982072964,33.8441026793952],[-84.3966303305253,33.8442137060977],[-84.3968025722809,33.8442707536924],[-84.397801612954,33.8446745888613],[-84.3983093791745,33.8448797520989],[-84.3985484270682,33.8449765209497],[-84.3991443475336,33.8451990348076],[-84.3995761345309,33.8453184530842],[-84.4001437335464,33.8454190638388],[-84.4004262708557,33.8454597509668],[-84.4006190234491,33.8454872108662],[-84.4006354936331,33.8454878664719],[-84.4010628766504,33.845501483107],[-84.4011855729558,33.8455043411525],[-84.4024346269564,33.8454858133197],[-84.4025885890921,33.8454807096671],[-84.4028635810894,33.8454712514971],[-84.4032423827297,33.8454842664858],[-84.4036912586446,33.8455277190291],[-84.4041764347946,33.8455965207629],[-84.4044721507691,33.845637518157],[-84.4046893748148,33.845581447226],[-84.4055191307033,33.8454960224236],[-84.4056064018139,33.8454927614818],[-84.4056673227887,33.8454888647194],[-84.4058064101377,33.8454645479506],[-84.4058401455063,33.8454558946739],[-84.4059084202374,33.8454313719603],[-84.4059898367615,33.845395487212],[-84.4060169729049,33.8453820369515],[-84.4061065912462,33.845334800061],[-84.4061435821606,33.8453123988482],[-84.4062462973287,33.8452369673122],[-84.4067212014223,33.844871561973],[-84.4067910391751,33.844817492933],[-84.4071190012409,33.8446124547011],[-84.4072744265735,33.8445424163995],[-84.4076477765236,33.8443743897663],[-84.4077078089682,33.8443474775541],[-84.4081181588259,33.8441615139428],[-84.4084109133329,33.8440290258189],[-84.4094183257951,33.8435900820167],[-84.4102588321794,33.8432397448184],[-84.41109617295,33.8429361282998],[-84.4113412849723,33.8428470117802],[-84.4115131849854,33.842781400841],[-84.4115551194731,33.8427610500825],[-84.4117367843251,33.842655569499],[-84.4117713048018,33.8426338589655],[-84.4118041759219,33.8426114649472],[-84.4119611336993,33.8425039725803],[-84.4120630196925,33.8424295671708],[-84.4121320426596,33.8423803059064],[-84.412436951504,33.8421838885757],[-84.4131322398609,33.8417359173787],[-84.4136393666634,33.8414260721556],[-84.4138588938728,33.8413181085439],[-84.414446863432,33.841063061711],[-84.4153317099904,33.8406861513449],[-84.4154616323484,33.8406281765492],[-84.4155043816219,33.8406054165068],[-84.4155643771942,33.8405678509257],[-84.4156293037493,33.840526840941],[-84.4156753058706,33.8404903338619],[-84.4157845636067,33.8404045754109],[-84.4160326442911,33.8402075771181],[-84.4163439760936,33.8399599514906],[-84.4167704058295,33.8399374450571],[-84.4168214459529,33.8399345933069],[-84.4175773782933,33.8399674104677],[-84.4176869382016,33.8399860812927],[-84.4182512187188,33.8400831792953],[-84.4188642748663,33.8402471634759],[-84.4194455094027,33.8405087699638],[-84.4195040462747,33.840535101214],[-84.4199561084876,33.8408275454549],[-84.420179696136,33.8409823592485],[-84.4207110308893,33.8413505560833],[-84.4214040439614,33.8418180398707],[-84.4225986961728,33.8426276617373],[-84.4229773997872,33.8428865810509],[-84.4235895997801,33.8433050940549],[-84.4243857749835,33.8438413948645],[-84.4245705883619,33.843966051692],[-84.4254773415061,33.8445787193325],[-84.4255912019723,33.8446557732454],[-84.4267116763028,33.845415699475],[-84.4271407203679,33.8457036992664],[-84.4275128328509,33.8459526549911],[-84.4277776867908,33.8461300408687],[-84.4279303754864,33.8459771920938],[-84.4287211106907,33.8452537666481],[-84.4287580395518,33.8452131514658],[-84.4297928678465,33.8440773122182],[-84.4298499604073,33.8430940195734],[-84.4299825285708,33.8420215924226],[-84.4300238704053,33.8410046660326],[-84.4299431670435,33.8399258231183],[-84.4298090169725,33.8391384046137],[-84.4295435416011,33.8382145418677],[-84.4293270630935,33.8375652493368],[-84.4287803292488,33.8363974688681],[-84.4283345020356,33.8355038161483],[-84.4279752048918,33.8348604663375],[-84.427457457096,33.8338118982006],[-84.4264506993403,33.8317528644032],[-84.4265759722033,33.8315962708513],[-84.4266686563334,33.8314823672175],[-84.426814654073,33.8313027384307],[-84.4269221851107,33.8311980798276],[-84.4270321802908,33.8310913536831],[-84.4271503817847,33.8309763663663],[-84.4273204318924,33.8308561162169],[-84.4275811336623,33.8307659052224],[-84.4280115366031,33.8307124342315],[-84.4286132918699,33.8306963858296],[-84.4291081842952,33.8307327777955],[-84.4293000420632,33.8307447360808],[-84.4293774350206,33.8307469762919],[-84.4296532283138,33.8307470752174],[-84.4296919189468,33.8307463053977],[-84.4297330764203,33.8307441569174],[-84.4298985121066,33.8307310933653],[-84.4299676402943,33.830722700892],[-84.4300416886729,33.8307081147877],[-84.4308676638116,33.8305191258571],[-84.4313514064422,33.8304105641963],[-84.4332773234897,33.8297159269485],[-84.4348360932111,33.8293013457806],[-84.4369237326441,33.8287399314028],[-84.437441106322,33.8285982944757],[-84.4377289820069,33.8285162466275],[-84.4390154891735,33.8276679925838],[-84.4393301160919,33.8274567148555],[-84.4397860345978,33.8271503113378],[-84.4371297160635,33.8250407922988],[-84.4372159331687,33.8249467438972],[-84.4378788027645,33.8246683038992],[-84.4381851001622,33.8246534255152],[-84.4388913170806,33.8244608347998],[-84.4400416560975,33.8244934442171],[-84.4404980404522,33.8246776586471],[-84.4412157534043,33.8250444363517],[-84.4421873215876,33.8255039098776],[-84.442281383479,33.8256457428568],[-84.4423837946763,33.8257378424275],[-84.4424870908065,33.8258214254185],[-84.4425330209821,33.8258746949613],[-84.4425728033921,33.8259225325988],[-84.4426161776944,33.8259736959293],[-84.4426259335399,33.825985202755],[-84.4426399503733,33.8260071507095],[-84.4427168334151,33.8260993069375],[-84.4428451172084,33.8261800930369],[-84.4428707119138,33.8261967313941],[-84.442934432478,33.8262444161469],[-84.4430235211186,33.8262954724581],[-84.4432127762486,33.8267833456749],[-84.4434135696804,33.8270161495757],[-84.4438940819463,33.8274482567317],[-84.4438951566361,33.8277811317939],[-84.4435972741948,33.828331787582],[-84.4430805489282,33.8291828313227],[-84.4425042705556,33.8299501859524],[-84.4425386102686,33.8303891360499],[-84.4427518476197,33.8306490518123],[-84.4433893113676,33.8312405503112],[-84.4439258927657,33.8314372158549],[-84.4444261028823,33.8318417947631],[-84.4452256838182,33.8321522569212],[-84.4455617928425,33.8319639307908],[-84.4462696645134,33.8311612256101],[-84.4467036179776,33.8304319644636],[-84.44756031036,33.8293269530765],[-84.4478493290832,33.8283389983462],[-84.4478663046862,33.8274890751608],[-84.4476766880287,33.8269020768694],[-84.4481423794672,33.8263221724304],[-84.448734567746,33.8261607360292],[-84.4492462622052,33.8263052202098],[-84.449619828892,33.8265022346905],[-84.4502797226311,33.8269005839948],[-84.4512788928066,33.8270813819003],[-84.4522038886985,33.8272352046411],[-84.4532136349013,33.8271287734742],[-84.4539120627914,33.8269814933013],[-84.4547341798385,33.8268960990758],[-84.4553602959409,33.8268911555025]]]}},{"type":"Feature","properties":{"NPU":"B","OBJECTID_1":7,"OBJECTID":7,"GlobalID":"{9F8309EC-0046-4A88-B009-3B9DC673DA87}","NPU_1":null,"scenario":"ssp126","year":2025,"MEAN_FL_depth10":0.08,"MEAN_FL_depth20":0.08,"MEAN_FL_depth50":0.09,"MEAN_FL_depth100":0.09,"MEAN_FL_depth200":0.09,"MEAN_FL_depth500":0.1,"MEAN_DT_monthsExtreme3moSPEI":0.19,"MEAN_DT_totalWaterStress":0.29,"MEAN_HT_daysExceeding35C":22.22,"HT_waveMax35CMin24C_mean":0.2,"Shape__Area":0.002569421915040948,"Shape__Length":0.23257898448469966},"geometry":{"type":"Polygon","coordinates":[[[-84.364071185237,33.8178248030723],[-84.3646341257643,33.8177868004205],[-84.365137033847,33.8177736244533],[-84.365832978709,33.8175869980416],[-84.3663649735647,33.8173391412884],[-84.3668386644728,33.8171528683103],[-84.3681855215445,33.816890967744],[-84.3687038889732,33.8168035509432],[-84.3690590726181,33.8166298307022],[-84.3696204501236,33.8162829756789],[-84.3702415003449,33.8157625380107],[-84.3704783826712,33.815688288184],[-84.3706561750424,33.8156879941057],[-84.3710415111568,33.8157364810538],[-84.371397215509,33.815785359207],[-84.372048301288,33.8157842764232],[-84.3726702823076,33.8156599127748],[-84.3733806918654,33.8156834579253],[-84.3739734548111,33.8157315878425],[-84.3741925386547,33.8157872145084],[-84.3746554143159,33.8159035777879],[-84.3753360131465,33.8158529603459],[-84.376460671123,33.8156284463957],[-84.377556030986,33.8152064440222],[-84.3798337205497,33.8142633231939],[-84.3809883700172,33.8138655773346],[-84.3811957285,33.8138404835515],[-84.3822015716452,33.8135171871685],[-84.3825567777731,33.8133685058519],[-84.3829739148143,33.8136271382818],[-84.3833093871185,33.8134870769671],[-84.3842149981236,33.8132419217773],[-84.3848365654551,33.8129687500079],[-84.3856357848636,33.8129673335756],[-84.3863463670911,33.8127438070811],[-84.3866114017947,33.812421792232],[-84.3872632205212,33.812395894455],[-84.3878566687502,33.8127163741614],[-84.3879467709267,33.8131858148735],[-84.3883333813804,33.8137289253497],[-84.3889259554684,33.8140246674045],[-84.389578556605,33.8142955647886],[-84.3901118096123,33.8145663299722],[-84.3902903088506,33.8148380808128],[-84.3902908241622,33.8150359514481],[-84.3897006755457,33.8156794172713],[-84.3888134358913,33.8163484930885],[-84.3885184528643,33.8168684379281],[-84.3884015751725,33.8171901901752],[-84.3886385798066,33.817486228107],[-84.3891995580132,33.8176490800411],[-84.3890478540752,33.8178719599231],[-84.388992304751,33.8180362660609],[-84.3888632466415,33.8184222802641],[-84.3888159288121,33.8185865711134],[-84.3885711756192,33.8194344951059],[-84.388491222292,33.8197122093511],[-84.3884177944456,33.8199665511155],[-84.3890420867229,33.8200966551366],[-84.3895197418425,33.8201820187852],[-84.3897908919361,33.8203086334368],[-84.3904733020012,33.8206275645106],[-84.39165759762,33.8211640613724],[-84.3918133485072,33.8212290472828],[-84.3918142909967,33.8215887185446],[-84.3919366275733,33.821782244555],[-84.392198462489,33.8221204840731],[-84.3922514253629,33.8222268801665],[-84.3922979958558,33.8224061168489],[-84.3924395068777,33.8230035958393],[-84.3925506855657,33.8233352397296],[-84.3926385160547,33.8235528747654],[-84.3927079572064,33.8236640498561],[-84.3927955080063,33.8237751934705],[-84.3929060724573,33.8238718651945],[-84.3932031428108,33.8241447680666],[-84.3933484588642,33.8243090499228],[-84.3934946778371,33.8245025300678],[-84.3935517218345,33.8245948346839],[-84.3936343929129,33.8247276276779],[-84.3937743337185,33.8250372309835],[-84.3938505926307,33.8252353057648],[-84.3940208747635,33.8258110868123],[-84.3940900623065,33.8261359363245],[-84.3941750959039,33.8265383937319],[-84.3942635846967,33.827001648907],[-84.3944305357406,33.8278711512327],[-84.3944459231408,33.8280858265996],[-84.3944252540222,33.8286732970351],[-84.3944168624482,33.8289237429364],[-84.3944024400205,33.8290732039653],[-84.3943779973467,33.8291690932791],[-84.3943240533123,33.8293165659068],[-84.3943158685825,33.8293344444291],[-84.3942749107585,33.8294118131047],[-84.3942372246681,33.8294809313999],[-84.3942257502181,33.8295001903815],[-84.3941577317938,33.8296178028194],[-84.3940978900056,33.8297141004255],[-84.3940511225612,33.8297739602002],[-84.3938984590466,33.8299487533324],[-84.3935430271889,33.8303413721566],[-84.393452745148,33.8304459696059],[-84.393429779161,33.83047830473],[-84.3933675065052,33.8305904088203],[-84.3933511316494,33.8306247917008],[-84.3933151569689,33.830718983994],[-84.3932980365751,33.8307829114023],[-84.3932858885329,33.8308588528539],[-84.3932754716856,33.8309670835641],[-84.3932739194558,33.8310028127297],[-84.3932701575916,33.8311371390678],[-84.3932718743974,33.8311639307709],[-84.3932937063394,33.8313256918273],[-84.393318863075,33.8314994705242],[-84.3944739307273,33.8324375749342],[-84.3945663477587,33.8325164149007],[-84.3945935945187,33.8325459081672],[-84.394655558707,33.8326282402012],[-84.3946729174212,33.8326543160439],[-84.3946894595509,33.8326831411141],[-84.394735798918,33.8327720301052],[-84.3947457490171,33.8327984629788],[-84.3947699048072,33.8329042241507],[-84.3948533295175,33.8333169895874],[-84.3948824594579,33.8334354518847],[-84.3949098267271,33.8335102898681],[-84.3949653059041,33.8336300786652],[-84.3949785484212,33.8336565052436],[-84.3950165816499,33.8337172391593],[-84.3950636746488,33.833778986611],[-84.3951222897618,33.8338396818559],[-84.3951363146891,33.8338506490882],[-84.3951775647927,33.8338828646026],[-84.3952723866113,33.8339366215779],[-84.3953729784801,33.8339931169888],[-84.3955016372907,33.8340773870618],[-84.3955659693939,33.834120208281],[-84.3956814387474,33.834198317998],[-84.395724331013,33.8342284686689],[-84.395768050655,33.8342603352463],[-84.3958720023909,33.8343415575169],[-84.3958893287295,33.8343556103232],[-84.3959974200449,33.8344450694844],[-84.396059341965,33.8345105689077],[-84.3960915322983,33.8345410820054],[-84.3961653252695,33.8347350369924],[-84.3962663245312,33.834943369441],[-84.3963864514735,33.8352227771095],[-84.3964619540559,33.8354404328298],[-84.3964845827972,33.8355894810697],[-84.3965265550564,33.8358910192552],[-84.3966183101869,33.8366431708457],[-84.3966633536308,33.8368608832232],[-84.3966933343299,33.8369882748891],[-84.3967165791068,33.8370596855561],[-84.3967563848992,33.8371664476735],[-84.3967613545528,33.8371777746347],[-84.3967886480776,33.8372237569708],[-84.3968283099785,33.8372769293869],[-84.3968415246166,33.8372923635518],[-84.3969108929234,33.837370214264],[-84.3969728058503,33.8374312467547],[-84.3970231642876,33.8374819936991],[-84.3971280603117,33.8376061541008],[-84.3971876080217,33.8377060103242],[-84.3972232049869,33.8377777402505],[-84.397234830523,33.8378144757575],[-84.3972358179786,33.8378756215627],[-84.3972284813094,33.837903117435],[-84.3971769042907,33.8380124552107],[-84.3969786946111,33.8383989496518],[-84.3971325713111,33.8389799080963],[-84.3971450637936,33.839033132673],[-84.3971567891545,33.8391069688116],[-84.397174459034,33.8392484681423],[-84.3971744986042,33.839263239507],[-84.3971696656475,33.83930309746],[-84.3971460755309,33.8394099782879],[-84.3971273291629,33.8394807810133],[-84.3971167243573,33.8395175578891],[-84.397109365205,33.8395368087768],[-84.3970700693282,33.8396203593921],[-84.3970503966584,33.8396530308627],[-84.3970003340981,33.839713241373],[-84.3964363503572,33.840332640439],[-84.3964142018539,33.8403632560594],[-84.396372442734,33.8404499030406],[-84.3963315397687,33.8405489148006],[-84.3963258245771,33.8405671323673],[-84.3963233982062,33.8405832823926],[-84.3963203881754,33.8406894374676],[-84.3963288283127,33.8407663717707],[-84.3963380967257,33.8408457099616],[-84.3963355426511,33.8411219088491],[-84.3963188143617,33.8413321784373],[-84.3962784428958,33.8416300905563],[-84.3961979364855,33.8420067455149],[-84.3961391630918,33.8421971688643],[-84.3960490690093,33.8423759702749],[-84.3958448194828,33.8426645690147],[-84.3956930301092,33.8428651259248],[-84.3954123067325,33.8431930277361],[-84.3953220552686,33.8433130854306],[-84.3952712957337,33.8434220778666],[-84.3952748858273,33.8435337179068],[-84.3953725827784,33.8440443601592],[-84.3954151602814,33.844263793839],[-84.3954641715342,33.8444255036341],[-84.3955328509603,33.8445521371714],[-84.3956280801717,33.8447539540318],[-84.3956720003625,33.8448589912495],[-84.3956828192067,33.8449019122935],[-84.3956904220753,33.8449740388209],[-84.3956972443323,33.8450619682353],[-84.3956949528597,33.8451289605331],[-84.3956746596578,33.8452382389536],[-84.3956722188977,33.8452492358636],[-84.3954987603595,33.8459723375534],[-84.3954265906646,33.8460810251192],[-84.3953116600051,33.8462110913688],[-84.3951424660519,33.846372176135],[-84.3947317978341,33.8467631815756],[-84.3946718148524,33.8468106990546],[-84.3945945289144,33.8468541264169],[-84.3945089934952,33.8468920724113],[-84.3944283827636,33.8469238256741],[-84.3943847710403,33.8469348990264],[-84.394261301318,33.8469512729829],[-84.393689995297,33.8470066028725],[-84.393510622817,33.8470567445731],[-84.3932688400849,33.8471719270428],[-84.3929292731674,33.8473635509872],[-84.3927483880277,33.8474655664828],[-84.3923431328293,33.8477291065131],[-84.3921062693888,33.8478367202885],[-84.3916940102703,33.8479429356181],[-84.3913179344751,33.8480312202647],[-84.3912274168118,33.848054058548],[-84.3903625585852,33.8482713653313],[-84.389561139435,33.8485040100521],[-84.3892748168793,33.8485935006896],[-84.3889424184578,33.8486975009889],[-84.3887844471445,33.8487469097421],[-84.388488248234,33.8488395084366],[-84.3880225666881,33.8489884055905],[-84.3876531800502,33.8491189206018],[-84.3874681085663,33.8491979197482],[-84.3873497281074,33.8492737074157],[-84.3872453698779,33.8493587446104],[-84.3871944223847,33.8494000594652],[-84.3871360941554,33.8494530673053],[-84.3869932062714,33.8496051606497],[-84.3869365993446,33.8496877076217],[-84.3868841742652,33.8497949814533],[-84.3868448900796,33.849889178243],[-84.3868187036202,33.8499531209399],[-84.3867802836831,33.8500631179186],[-84.3867533031224,33.8501383974691],[-84.3867107220221,33.8502312254907],[-84.3866648143297,33.8503113496891],[-84.3866451227742,33.8503392106861],[-84.3865392383951,33.8504720000828],[-84.3865022852522,33.8505119146932],[-84.3864135815215,33.8506017326839],[-84.3859857317561,33.8510593841833],[-84.3858733021112,33.8512100494043],[-84.3858183058701,33.8512788520375],[-84.3853817785462,33.8518880114227],[-84.3851717167013,33.8521814116429],[-84.3850402987707,33.8523135580243],[-84.3849745538325,33.8523658904735],[-84.3849252440048,33.8524044525035],[-84.3846883014239,33.8524900661637],[-84.3842407034457,33.852636512665],[-84.3841995666567,33.8526513568747],[-84.3839214890854,33.8527525000279],[-84.3836813269317,33.8528683470966],[-84.3835769102462,33.8529334571134],[-84.3835662218037,33.8529400032786],[-84.3833623688782,33.853086017206],[-84.3832439551444,33.8531521821275],[-84.3831189179037,33.8532046179988],[-84.3830234710563,33.853235015084],[-84.38281936722,33.8532820927944],[-84.3826942220606,33.8532915869372],[-84.382674725658,33.8533977707905],[-84.3826707677417,33.8537880234985],[-84.3826688225081,33.8539968910437],[-84.3826655345867,33.8543263369909],[-84.3826643160053,33.8544531018292],[-84.382659009106,33.8550054996041],[-84.3826557076947,33.8553297933353],[-84.3826536860188,33.8555084301699],[-84.382654253491,33.8557337822883],[-84.382932375129,33.8559720441746],[-84.3832484634458,33.8562435620908],[-84.3835331897049,33.8564873080429],[-84.3838921963678,33.856795162167],[-84.3844072318083,33.8572532030729],[-84.384767017284,33.8575411291199],[-84.3847769143231,33.8575469513308],[-84.3851365127398,33.8577603307747],[-84.3853163384782,33.8578771536078],[-84.3853558879638,33.8578853284452],[-84.385969484604,33.8582349776622],[-84.3861715110064,33.8583373322022],[-84.3866975685379,33.8589107696164],[-84.3867219068904,33.8590883281639],[-84.386771364207,33.8600690046809],[-84.3867854197113,33.8604114746099],[-84.3867897931144,33.8605110889157],[-84.3868290898906,33.8613828863112],[-84.3868450771386,33.861515114531],[-84.3868866671859,33.8616758107901],[-84.3869597236123,33.8619027502118],[-84.386969683604,33.861932962936],[-84.3870177847429,33.8620627297113],[-84.3870376831425,33.862114566634],[-84.3870741290677,33.8621959166083],[-84.3871436790375,33.8623400725364],[-84.3872115400805,33.8624680856337],[-84.3872645155449,33.8625717360968],[-84.3873084015614,33.862664065894],[-84.3873556231634,33.8627721913836],[-84.3873929180487,33.8628631587079],[-84.3874459888413,33.8630039098027],[-84.3874517975624,33.8630207316215],[-84.387491640227,33.8631419251598],[-84.3874974741291,33.8631683661272],[-84.3875227252935,33.8633799325379],[-84.3875759228905,33.8638889416214],[-84.3875843648265,33.8639689677937],[-84.3876052965472,33.8641018741022],[-84.3876218935355,33.8641506245517],[-84.3876508606986,33.8642055362565],[-84.3876823063933,33.8642635362332],[-84.3877252966851,33.8643273548236],[-84.3878029531438,33.8644199670079],[-84.3880969747955,33.8647392614079],[-84.3881647315171,33.8648257078402],[-84.3881879241334,33.8648768513856],[-84.3882103936947,33.8649668141672],[-84.3882178976378,33.8650021845033],[-84.3882362420089,33.8650894061512],[-84.3882412656219,33.8651213446744],[-84.3882421793331,33.8651560396196],[-84.3882341286021,33.8652278513843],[-84.3882194687534,33.8652917733967],[-84.3881965837053,33.8653594887494],[-84.3881826613007,33.8653900872828],[-84.3881219930355,33.8654977199438],[-84.3880998310423,33.8655266151612],[-84.3880094995387,33.8656294922073],[-84.3878370779188,33.8658366033766],[-84.3877173017121,33.8660185425218],[-84.3876345056279,33.8661691555821],[-84.3875748032345,33.8663324364928],[-84.3875456373213,33.8665203965991],[-84.3875389031978,33.866783893462],[-84.3874913083772,33.8674916401271],[-84.3875317086214,33.8681480435974],[-84.3875288883475,33.8686519993903],[-84.3875040625624,33.8708454503573],[-84.3874980236149,33.8713789551747],[-84.3874865608561,33.872364890927],[-84.3874763949196,33.8732151333718],[-84.3874668351263,33.8739805229828],[-84.3874397655327,33.8749836636652],[-84.3874348867106,33.8759678700212],[-84.3874532949336,33.8760794830818],[-84.3874282326268,33.8769026127654],[-84.3874212646796,33.8770757610376],[-84.3873804066804,33.8781286549136],[-84.3825697693793,33.8781386553747],[-84.3781931170187,33.8781557137153],[-84.3767525379992,33.8781364475391],[-84.3763664842259,33.8781103231329],[-84.3760674002903,33.8780983882301],[-84.3756110591031,33.8781014153481],[-84.3742858891824,33.8780987812338],[-84.3695803880245,33.8780653264537],[-84.3677731931783,33.8780581417699],[-84.3677879987171,33.8791100535861],[-84.3676765898027,33.8791031755712],[-84.367516098589,33.8791432934283],[-84.3674072113737,33.8792887389841],[-84.3672834826465,33.8794166234784],[-84.3671872551876,33.8794850412017],[-84.3671199022617,33.8795093166017],[-84.3670283773577,33.8795295747302],[-84.3667827320374,33.8795701908117],[-84.3666961246264,33.8796346245384],[-84.3666291853885,33.8798358172692],[-84.3665571586859,33.8799204254873],[-84.366432087271,33.8800089979169],[-84.3663357734771,33.8800413447323],[-84.3662105950429,33.8800456057202],[-84.3661286335296,33.8800376233377],[-84.3660422140769,33.8800417809035],[-84.3659408362006,33.8800172105259],[-84.3657955920929,33.8800348246475],[-84.3657069396235,33.8800638232869],[-84.3640985480096,33.8800944541957],[-84.362816182221,33.8786996407758],[-84.3630819471741,33.8783727938694],[-84.3630732992933,33.8783346644133],[-84.3629998570577,33.8783081802783],[-84.3629298808093,33.8782383182439],[-84.3629221646262,33.8781310534055],[-84.362813420403,33.8780378701516],[-84.3627005267079,33.8779544598305],[-84.3626973431079,33.8778489630593],[-84.3626468533695,33.8777998996457],[-84.3625910027725,33.8777457946327],[-84.3624919361539,33.8775481137545],[-84.3624159011729,33.8773620287347],[-84.3623269564239,33.8772624387106],[-84.3621722757299,33.8771134489266],[-84.3620668455085,33.8769396729276],[-84.3598373901834,33.8770432793239],[-84.3598356428006,33.8780489758796],[-84.3552313396546,33.87797882876],[-84.3558651215781,33.8789513601172],[-84.3553414751289,33.8789358674964],[-84.3553311608044,33.8804874696211],[-84.3540705846897,33.8816287488677],[-84.3539066104017,33.8819839738813],[-84.3503568549849,33.8820173513197],[-84.3492166090592,33.8819497933483],[-84.3489092459649,33.8820308339559],[-84.3484564705896,33.8821638967465],[-84.3482298765076,33.8821356040749],[-84.3481396808016,33.8821373199814],[-84.3480923782606,33.882038474596],[-84.3481409173694,33.8793940918639],[-84.3481848438554,33.8778209671639],[-84.3482346492096,33.8760352984903],[-84.3481257098336,33.8621082488966],[-84.3481964046403,33.8598408754561],[-84.3482598401195,33.8579412716724],[-84.3482529764937,33.8541439886542],[-84.3482516248126,33.8502621441826],[-84.3481021592872,33.844479669801],[-84.3483967196329,33.8417183761022],[-84.3485109218415,33.8407293655678],[-84.3483547374811,33.8373797461784],[-84.3483952006779,33.837047610359],[-84.3485130469395,33.8311387695387],[-84.3485667355664,33.8284965784544],[-84.3485075439879,33.8252988104917],[-84.3496957003962,33.8247065385759],[-84.3498971719169,33.8246062722617],[-84.3511210395043,33.8241114859563],[-84.3520473268226,33.8238160379798],[-84.352336893233,33.8237235355128],[-84.3530050589363,33.823599201542],[-84.3535794541285,33.8235093592696],[-84.3567575350322,33.823012570174],[-84.3572693194235,33.8229042558268],[-84.3585891644584,33.822511624412],[-84.3595596651464,33.8219256360593],[-84.3604862285566,33.8208745147471],[-84.3612692943424,33.8195731247],[-84.3620284867253,33.8183347600412],[-84.3632567313131,33.8180236332841],[-84.3637010863361,33.8179614325741],[-84.364071185237,33.8178248030723]]]}},{"type":"Feature","properties":{"NPU":"C","OBJECTID_1":5,"OBJECTID":5,"GlobalID":"{C8349CF5-03D0-463E-8521-C887C3E26EB3}","NPU_1":null,"scenario":"ssp126","year":2025,"MEAN_FL_depth10":0.21,"MEAN_FL_depth20":0.23,"MEAN_FL_depth50":0.25,"MEAN_FL_depth100":0.26,"MEAN_FL_depth200":0.27,"MEAN_FL_depth500":0.28,"MEAN_DT_monthsExtreme3moSPEI":0.19,"MEAN_DT_totalWaterStress":0.29,"MEAN_HT_daysExceeding35C":22.29,"HT_waveMax35CMin24C_mean":0.2,"Shape__Area":0.0015262112590335164,"Shape__Length":0.23677902993924443},"geometry":{"type":"Polygon","coordinates":[[[-84.4209673214847,33.8100415916462],[-84.4214158214829,33.8100179934357],[-84.4219154191612,33.810016961014],[-84.4221869856408,33.8100019702148],[-84.4222692843999,33.8099993954558],[-84.4222890452032,33.8100017588741],[-84.4223895264554,33.8100245674798],[-84.422477657318,33.8100456826622],[-84.4226506302224,33.8100892952848],[-84.422751950542,33.8101169107669],[-84.4228598808788,33.8101534439264],[-84.4230757991088,33.8102457476432],[-84.4231442132348,33.8102792716711],[-84.4233338155032,33.8103785001677],[-84.4234426604504,33.8104452622391],[-84.4235144434368,33.8105041993094],[-84.4235590219313,33.8105487652134],[-84.423626712103,33.8106152682801],[-84.4240378146933,33.8110204614252],[-84.4241566789875,33.8111346078759],[-84.4241731752518,33.8111462531971],[-84.4242036802556,33.811163365497],[-84.4242663378212,33.8111979309398],[-84.4243001343437,33.8112143498624],[-84.4243347474506,33.8112290492812],[-84.4244245681393,33.8112642451488],[-84.4244871663496,33.8112792287534],[-84.4245826617604,33.8112855572827],[-84.4251867750496,33.8112770775751],[-84.4255678438809,33.8112718129439],[-84.4258690753975,33.8112674008699],[-84.426011462359,33.8112653845899],[-84.4264855354791,33.8112588905854],[-84.4266723642382,33.8112560918952],[-84.4266108065435,33.8113132483078],[-84.426456484679,33.8114509839758],[-84.4262176103544,33.8116634425139],[-84.426009929015,33.8118483548178],[-84.4259672498886,33.8118882937098],[-84.4256570359434,33.8121909065851],[-84.4256447341172,33.8122057040301],[-84.4256119340435,33.8122466528608],[-84.4255595530309,33.8123450108137],[-84.4255080704411,33.8124684454625],[-84.4254966553463,33.8125041962118],[-84.4254763855267,33.812606266566],[-84.4254741588053,33.8126870005047],[-84.4254793047261,33.8127556952192],[-84.4254861036007,33.8128267911235],[-84.4255021169291,33.8129511143025],[-84.4255079939987,33.8129895765078],[-84.4255214127829,33.8130723384177],[-84.4255330931776,33.813124531472],[-84.4255447852636,33.8131805016789],[-84.4255680417317,33.8132501883456],[-84.425588754917,33.8132951472533],[-84.425620201511,33.8133514196323],[-84.4256607168685,33.8134124827],[-84.4257020353206,33.8134666731485],[-84.4257185558666,33.8134862190138],[-84.4257887353618,33.8135578697999],[-84.4258217449775,33.8135863135576],[-84.4258984544501,33.8136397422803],[-84.425967728328,33.8136839115833],[-84.426090608095,33.8137626643156],[-84.4261532845464,33.8138027255154],[-84.4265119449702,33.8140049956341],[-84.4265614067834,33.814029968908],[-84.4266125008662,33.8140504725513],[-84.4266602899404,33.814066517356],[-84.4267459764456,33.8140945060567],[-84.4268283471505,33.8141142569675],[-84.4269230790368,33.8141391349132],[-84.4271655119788,33.8142842782968],[-84.4273758013521,33.8144154048471],[-84.4274714721307,33.814478412249],[-84.4276215788727,33.814577373647],[-84.4277634784017,33.8146842544748],[-84.4278715787103,33.8147740292981],[-84.4278938693066,33.8147959673601],[-84.4279524934128,33.8148563046748],[-84.4281490312528,33.8150657837589],[-84.4283406533984,33.8152824861978],[-84.428385276859,33.815340104862],[-84.4284125380082,33.8153723383627],[-84.4284232687189,33.81538227767],[-84.4284843299878,33.8154319598171],[-84.4285214540018,33.8154593630592],[-84.4285387704479,33.8154696324177],[-84.428744853692,33.8155691603885],[-84.4287547462345,33.8155739492784],[-84.4292666241553,33.8158102380521],[-84.4293770519094,33.8158529441581],[-84.4295138450879,33.815903494151],[-84.4296605550905,33.8159674215593],[-84.4296828124118,33.8159780227676],[-84.4297826002867,33.8160399887545],[-84.4299195922154,33.8161554644032],[-84.4299980193931,33.8162308743554],[-84.4300657140614,33.8162956561197],[-84.4301713808046,33.8163957398716],[-84.4302233894978,33.8164450973634],[-84.4302415602997,33.8164649822731],[-84.4303365889623,33.8165853574284],[-84.4304399129716,33.8167266705994],[-84.4305060760945,33.8168285565927],[-84.4305532761128,33.8169201768247],[-84.4305732104852,33.8169785338323],[-84.4305949138242,33.8170770797435],[-84.4306191433587,33.8171938279328],[-84.4306533517707,33.8173435317786],[-84.4307217685947,33.8176429421681],[-84.430737597562,33.8177043991387],[-84.4307784042999,33.8178585555279],[-84.4308160679072,33.8180604695151],[-84.4308194655459,33.818094814624],[-84.4308162792478,33.8181291741221],[-84.4308057355962,33.8181803824187],[-84.4307959635628,33.8182147554067],[-84.4307828847223,33.8182450139963],[-84.4307247453507,33.8183437307786],[-84.4316698662712,33.8183243890593],[-84.4323901944519,33.8181515573485],[-84.4325260298523,33.8184226507848],[-84.4326751068706,33.8187170762321],[-84.4326866892393,33.818735944908],[-84.4327982933066,33.8188906345952],[-84.4328123362203,33.8189067504462],[-84.4328660005654,33.8189581646876],[-84.4329262533439,33.8190109369053],[-84.4330335289741,33.8190962438966],[-84.4330863281715,33.8191342609375],[-84.4331877779935,33.81919965514],[-84.4333263338432,33.8192855808649],[-84.4334838492002,33.8193800546459],[-84.4335778679242,33.8194372200517],[-84.4336463198218,33.8194793254106],[-84.4337601380199,33.8195508763719],[-84.4339193054316,33.819647062462],[-84.434080111408,33.8197401530857],[-84.4341889482613,33.819797973198],[-84.4343653655691,33.8198820984801],[-84.4345467048665,33.8199607163141],[-84.4346134678372,33.8199880530063],[-84.4347535750175,33.8200427129009],[-84.434905207909,33.8200976911556],[-84.434970301738,33.8201185041657],[-84.4350353838758,33.8201351955828],[-84.4351301130642,33.8201559447411],[-84.4353467237722,33.8201942918332],[-84.43555262985,33.8202312872442],[-84.435592166745,33.8202394458938],[-84.4358606989121,33.8202969170691],[-84.4360542770832,33.8203401213995],[-84.4361317698653,33.8203770529587],[-84.4362372999114,33.8204293827099],[-84.4363972308475,33.8205049518421],[-84.4364425917522,33.8205326788401],[-84.436534202991,33.8206090843418],[-84.4366910636417,33.8207554274211],[-84.4367166583471,33.8207797621764],[-84.4367670446633,33.8208346163245],[-84.4368999689584,33.8209600555622],[-84.43693547779,33.8209957046881],[-84.4369751100133,33.8210340922496],[-84.4370039953381,33.8210577327282],[-84.4370287473787,33.8210758855437],[-84.4370526720431,33.8210926650945],[-84.4370848407927,33.8211132065093],[-84.4371310155839,33.8211378389402],[-84.437203565692,33.8211730635861],[-84.4372802266012,33.8212065615336],[-84.4373577058934,33.8212386826191],[-84.4374335322317,33.8212687469552],[-84.4377664810382,33.8213916851782],[-84.4378431257596,33.8214196855701],[-84.4379585024828,33.8214616857083],[-84.4384389679839,33.8216372009961],[-84.4388122819612,33.8217686360138],[-84.4385869676144,33.821322890639],[-84.4384943797118,33.8211987383311],[-84.4383561835909,33.8209688797101],[-84.4382025182316,33.8197514143963],[-84.4380764242875,33.8197035983424],[-84.4377701925403,33.8186084264378],[-84.437483251251,33.8182512157211],[-84.4376251417868,33.8179288474384],[-84.4375526366449,33.8175950217929],[-84.43719522448,33.8175480933699],[-84.4370374285344,33.8173575917795],[-84.4366881030734,33.8171837681165],[-84.4367220515814,33.8158276911951],[-84.4394284650516,33.8178648849565],[-84.4403877592876,33.8185806571717],[-84.4409066878933,33.8189028482878],[-84.4420360718073,33.81943655905],[-84.444118608487,33.8168298237374],[-84.4441955679711,33.8168373312779],[-84.4442441412541,33.8168399698887],[-84.4442852951302,33.8168388466355],[-84.4444219075449,33.8168306385232],[-84.4445042009081,33.8168246130655],[-84.4445371169943,33.8168217909929],[-84.4445856525058,33.8168127492091],[-84.4447196946581,33.8167732851591],[-84.4448183610785,33.8167397413461],[-84.444866042234,33.8167207395705],[-84.4449169960225,33.8166962339441],[-84.4449909445764,33.8166551879866],[-84.4450681630652,33.8166072622154],[-84.4451157911608,33.8165721149113],[-84.4451346715279,33.8165562697561],[-84.4452257647572,33.8164719007577],[-84.4452840120475,33.8164119951175],[-84.4453086022102,33.8163799918432],[-84.4454822388142,33.8161130217986],[-84.4456157701516,33.8161700891783],[-84.4463891970038,33.8165812574192],[-84.4468988077338,33.8168628234606],[-84.447231990364,33.8170582200609],[-84.4474167255015,33.8171666980847],[-84.4485488793273,33.8177742198044],[-84.4486107248051,33.8178074002913],[-84.4493858306915,33.8182195766722],[-84.4508347940904,33.8190365891673],[-84.4512603110145,33.8192698930911],[-84.4524965038106,33.8199571801798],[-84.4528783514547,33.8201751209851],[-84.4530985549543,33.8203006843292],[-84.4549250942177,33.821265174848],[-84.4560413480298,33.8220083566004],[-84.4562484654942,33.8221562752919],[-84.4564895062857,33.8223556406004],[-84.4566529868458,33.8225012561281],[-84.4567281234042,33.8225680667629],[-84.4568585979459,33.8226900553018],[-84.4568999074048,33.8227346167092],[-84.4570453934301,33.8229135943869],[-84.4571851642639,33.8231066716356],[-84.457331621557,33.8233289309854],[-84.4574981382285,33.8236408050792],[-84.4579689468094,33.8246070789536],[-84.4570639293568,33.8248070531031],[-84.4563807917401,33.825325351284],[-84.4558390985955,33.8265956265869],[-84.4553659967433,33.8268863702099],[-84.4547348516321,33.8268843413393],[-84.453912734585,33.8269697355649],[-84.4532143066949,33.827117016637],[-84.452204560492,33.8272234469046],[-84.4512795646002,33.8270696250632],[-84.4502803944246,33.8268888262584],[-84.4496205006855,33.826490476954],[-84.4492469339988,33.8262934624734],[-84.448735240439,33.8261489791921],[-84.4481430521601,33.8263104155932],[-84.4476773598223,33.826890319133],[-84.4478669764798,33.8274773183236],[-84.4478500017761,33.8283272406097],[-84.4475609821536,33.82931519534],[-84.4467042906704,33.8304202067272],[-84.4462703372063,33.8311494678737],[-84.4455624655353,33.8319521739537],[-84.4452263565111,33.8321404991847],[-84.4444267755752,33.831830037926],[-84.4439265654586,33.8314254581185],[-84.4433899840605,33.8312287925748],[-84.4427525203125,33.8306372958746],[-84.4425392838608,33.8303773792127],[-84.4425049432485,33.8299384291153],[-84.4430812216211,33.8291710744855],[-84.4435979468877,33.8283200298455],[-84.443895829329,33.8277693749567],[-84.4438947555385,33.8274364998946],[-84.4434142423734,33.8270043918392],[-84.4432134480422,33.8267715888378],[-84.4430263485871,33.826285924356],[-84.442931835236,33.8262313409037],[-84.4428740448013,33.8261871814933],[-84.4427874472829,33.8261308857319],[-84.4427201654033,33.8260897570367],[-84.4426742622074,33.8260347365139],[-84.4426432814622,33.8259976008087],[-84.4426292646288,33.8259756537535],[-84.4424904227947,33.8258118755177],[-84.4423711277253,33.8257139042733],[-84.4422847154672,33.825636192956],[-84.4421906544751,33.8254943599768],[-84.4412164269964,33.8250326795146],[-84.4405013724403,33.8246681087463],[-84.440044988985,33.8244838943163],[-84.4388946499681,33.8244512857983],[-84.4381856766277,33.8246465250172],[-84.4378862905198,33.824654323938],[-84.4372156372918,33.824934246918],[-84.4371281719276,33.8250280821803],[-84.43978670819,33.8271385545007],[-84.4393307896842,33.8274449580185],[-84.4390161627657,33.8276562357468],[-84.4377296555991,33.8285044888911],[-84.4374417808135,33.8285865376387],[-84.4369244071356,33.8287281745656],[-84.4348367677026,33.8292895880441],[-84.4332779979812,33.8297041692121],[-84.4313520800344,33.8303988073591],[-84.4308683383031,33.8305073681206],[-84.4300423640638,33.8306963579506],[-84.4299683147859,33.8307109440549],[-84.4298991865982,33.8307193365282],[-84.4297337500125,33.8307324000803],[-84.4296925943377,33.8307345485606],[-84.4296539028053,33.8307353183803],[-84.4293781104114,33.8307352194549],[-84.4293007165548,33.8307329792436],[-84.4291088596861,33.8307210209584],[-84.4286139672607,33.8306846289925],[-84.4280122110947,33.8307006773944],[-84.4275818081539,33.8307541483853],[-84.4273211072833,33.8308443593797],[-84.4271510571755,33.8309646095291],[-84.4270328547824,33.831079596846],[-84.4269228605016,33.8311863229904],[-84.4268153294639,33.8312909815936],[-84.4266693317243,33.8314706103804],[-84.4265766475942,33.8315845131148],[-84.4264506849511,33.8317480934998],[-84.4274574427068,33.8338071272971],[-84.4279751905026,33.8348556945347],[-84.4283344867471,33.8354990452448],[-84.4293270487043,33.8375604775341],[-84.429544216992,33.8382027850305],[-84.4298096923634,33.8391266468773],[-84.429943841535,33.8399140662812],[-84.4300245457961,33.8409929091954],[-84.4299832030623,33.8420098346862],[-84.4298506348989,33.843082261837],[-84.4297935423381,33.8440655553811],[-84.4287587149427,33.8452013946287],[-84.4287217860816,33.8452420089116],[-84.4279310508772,33.8459654343574],[-84.4277783621816,33.8461182840317],[-84.4275135082418,33.845940898154],[-84.4271413957588,33.8456919415299],[-84.4267123516937,33.8454039417386],[-84.4255918773632,33.8446440173076],[-84.4254780168969,33.8445669624954],[-84.4245712637528,33.8439542948549],[-84.4243864512737,33.8438296380274],[-84.423590275171,33.8432933381171],[-84.422978075178,33.8428748233145],[-84.422599372463,33.8426159040008],[-84.4214047202516,33.8418062830336],[-84.4207117071795,33.8413387992462],[-84.4201803724262,33.8409706024114],[-84.4199567847778,33.8408157886178],[-84.4195047216655,33.8405233443769],[-84.4194461865922,33.8404970131267],[-84.4188649511565,33.8402354066388],[-84.4182518950089,33.8400714224582],[-84.4176876153911,33.8399743235562],[-84.4175780545835,33.8399556527312],[-84.4168221231424,33.8399228364698],[-84.416771083019,33.83992568822],[-84.4163446532831,33.8399481946535],[-84.4160333214805,33.8401958202809],[-84.4157852407962,33.8403928185738],[-84.4156759821608,33.8404785770248],[-84.4156299800395,33.8405150841039],[-84.4155650543837,33.8405560940885],[-84.4155050579121,33.8405936596697],[-84.4154623095379,33.840616419712],[-84.4153323871799,33.8406743936084],[-84.4144475406214,33.8410513048739],[-84.4138595710623,33.8413063517068],[-84.4136400438529,33.8414143153184],[-84.4131329170505,33.8417241605416],[-84.4124376286936,33.8421721317386],[-84.4121327198491,33.8423685490694],[-84.4120636968821,33.8424178112331],[-84.4119618117882,33.8424922157432],[-84.4118048531114,33.8425997081101],[-84.4117719819914,33.8426221021284],[-84.4117374624139,33.8426438126619],[-84.4115557966626,33.842749292346],[-84.4115138630743,33.8427696440039],[-84.4113419630611,33.8428352549431],[-84.4110968501395,33.8429243714626],[-84.4102595102681,33.8432279879813],[-84.4094190038839,33.8435783242803],[-84.4084115914218,33.8440172689818],[-84.4081188369148,33.8441497571056],[-84.407708487057,33.844335720717],[-84.4076484546125,33.8443626329292],[-84.4072751046623,33.8445306595623],[-84.4071196793297,33.8446006978639],[-84.4067917172639,33.8448057360959],[-84.4067218795111,33.844859805136],[-84.4062469754176,33.8452252104751],[-84.4061442602494,33.8453006420111],[-84.4061072702343,33.8453230432239],[-84.4060176509938,33.8453702801144],[-84.4059905148503,33.8453837303749],[-84.4059090983262,33.8454196142239],[-84.4058408244944,33.8454441369374],[-84.4058070891258,33.8454527911135],[-84.4056680008775,33.8454771078823],[-84.4056070799028,33.8454810046447],[-84.4055198087921,33.8454842646871],[-84.4046900529036,33.845569690389],[-84.4044728297573,33.8456257613199],[-84.4041771128834,33.8455847639258],[-84.4036919367335,33.8455159621919],[-84.4032430608186,33.8454725096486],[-84.4028642600775,33.84545949466],[-84.4025892680802,33.8454689528299],[-84.4024353059446,33.8454740564825],[-84.401186251944,33.8454925843154],[-84.4010635556385,33.8454897262699],[-84.4006361717219,33.8454761096348],[-84.4006197024373,33.845475454029],[-84.4004269498438,33.8454479941297],[-84.4001444125346,33.8454073061023],[-84.3995768135191,33.8453066962471],[-84.3991450265217,33.8451872779706],[-84.3985491060564,33.8449647641126],[-84.3983100581626,33.8448679952618],[-84.3978022919422,33.8446628320241],[-84.3968032521683,33.8442589977546],[-84.3966310104128,33.8442019492606],[-84.3962988862845,33.8440909225581],[-84.3962049493989,33.8440649897075],[-84.3960764353791,33.844040494873],[-84.3959224174856,33.844023949146],[-84.3957972588364,33.844022807007],[-84.3953642064929,33.8440421622161],[-84.395266510441,33.8435315199637],[-84.3952629194482,33.8434198808229],[-84.3953136789831,33.8433108874875],[-84.3954039313463,33.843190829793],[-84.3956846529243,33.8428629279818],[-84.3958364431973,33.8426623710716],[-84.3960406936231,33.8423737723318],[-84.396130785907,33.8421949709212],[-84.3961895602,33.8420045484712],[-84.3962700666103,33.8416278935125],[-84.3963104389755,33.8413299804943],[-84.3963271672649,33.8411197118053],[-84.3963297213396,33.8408435120185],[-84.3963204520272,33.8407641747269],[-84.3963120127891,33.8406872404238],[-84.39631502282,33.8405810844495],[-84.3963174491909,33.8405649344242],[-84.3963231643825,33.8405467168575],[-84.3963640673478,33.8404477050976],[-84.3964058264677,33.8403610590157],[-84.396427974971,33.8403304433953],[-84.3969919587119,33.83971104343],[-84.3970420212722,33.8396508329196],[-84.397061693942,33.839618161449],[-84.3971009898188,33.8395346108337],[-84.3971083489711,33.8395153599459],[-84.3971189537767,33.8394785830702],[-84.3971377001447,33.8394077812442],[-84.3971612902613,33.8393009004163],[-84.397166123218,33.8392610415639],[-84.3971660836478,33.8392462701993],[-84.3971484137683,33.8391047708685],[-84.3971366884074,33.8390309347299],[-84.3971241959248,33.8389777110526],[-84.3969703192248,33.8383967526081],[-84.3971685289044,33.8380102581669],[-84.3972201050238,33.8379009194919],[-84.397227441693,33.8378734236197],[-84.3972264533381,33.8378122778144],[-84.3972148287014,33.8377755423075],[-84.3971792326354,33.8377038123811],[-84.3971196849255,33.837603957057],[-84.3970147898007,33.8374797966553],[-84.396964430464,33.8374290488116],[-84.3969025175371,33.837368016321],[-84.3968331492304,33.8372901656087],[-84.3968199345923,33.8372747314438],[-84.3967802717921,33.8372215590278],[-84.3967529782673,33.8371755775909],[-84.3967480086137,33.8371642506297],[-84.3967082028213,33.8370574885124],[-84.3966849580443,33.8369860769459],[-84.3966549773453,33.8368586852802],[-84.3966099348006,33.8366409738019],[-84.3965181805696,33.8358888213121],[-84.396476207411,33.8355872831266],[-84.396453579569,33.8354382348867],[-84.3963780760873,33.8352205791664],[-84.396257949145,33.8349411723972],[-84.396156948984,33.8347328390493],[-84.3960831569121,33.8345388840623],[-84.3960509674781,33.8345083700653],[-84.3959890446586,33.8344428724407],[-84.3958809542426,33.8343534132795],[-84.3958636270048,33.8343393604732],[-84.3957596752688,33.8342581373033],[-84.3957159547275,33.8342262707259],[-84.3956730624618,33.834196120055],[-84.3955575931084,33.8341180103379],[-84.3954932619044,33.8340751891187],[-84.3953646039932,33.8339909199451],[-84.3952640121244,33.8339344245341],[-84.3951691894065,33.8338806657601],[-84.3951279384036,33.8338484511452],[-84.3951139134763,33.8338374839128],[-84.3950552983633,33.8337767886679],[-84.3950082062637,33.8337150412162],[-84.3949701739343,33.8336543073005],[-84.3949569305179,33.8336278807222],[-84.3949014522402,33.8335080928243],[-84.394874084971,33.8334332548409],[-84.3948449550306,33.833314790745],[-84.3947615303204,33.8329020262076],[-84.3947373736308,33.8327962650357],[-84.394727424431,33.8327698312627],[-84.3946810841647,33.8326809440704],[-84.3946645420349,33.8326521181008],[-84.3946471842202,33.8326260422581],[-84.3945852182332,33.8325437111234],[-84.3945579723725,33.8325142169576],[-84.3944655562404,33.8324353769911],[-84.3933104885882,33.8314972725811],[-84.3932853318526,33.8313234938842],[-84.3932634999106,33.8311617328278],[-84.3932617831048,33.8311349402254],[-84.3932655449689,33.8310006147866],[-84.3932670971988,33.830964885621],[-84.393277514046,33.8308566558101],[-84.3932896620882,33.8307807134592],[-84.393306782482,33.8307167851515],[-84.3933427571625,33.8306225928584],[-84.393359131119,33.8305882108773],[-84.3934214037747,33.8304761067869],[-84.3934443688625,33.8304437725621],[-84.3935346518027,33.8303391751129],[-84.3938900845597,33.8299465562886],[-84.394042747175,33.8297717622571],[-84.3940895155187,33.8297119024824],[-84.394149357307,33.8296156048763],[-84.3942173757313,33.8294979933378],[-84.3942288501813,33.8294787343561],[-84.3942665362716,33.829409616061],[-84.3943074940955,33.829332246486],[-84.3943156788255,33.8293143679638],[-84.3943696228598,33.829166895336],[-84.3943940655337,33.8290710060222],[-84.3944084879613,33.8289215449934],[-84.3944168795353,33.828671099092],[-84.3944375495532,33.8280836295559],[-84.3944221612537,33.8278689532896],[-84.3942552111091,33.8269994500646],[-84.3941667223164,33.8265361957888],[-84.3940816878196,33.8261337383814],[-84.3940125002766,33.8258088897685],[-84.3938422181438,33.8252331078217],[-84.3937659592316,33.8250350339397],[-84.3936260193253,33.8247254288355],[-84.3935433482469,33.8245926367408],[-84.3934863024509,33.824500333024],[-84.3933400852767,33.8243068519797],[-84.3931947683238,33.8241425692243],[-84.392897697071,33.8238696663521],[-84.3927871344187,33.823772994628],[-84.3926995836189,33.8236618528123],[-84.3926301424671,33.8235506777216],[-84.3925423119781,33.8233330417865],[-84.3924311314915,33.8230013969969],[-84.3922896204696,33.8224039189058],[-84.3922430517754,33.8222246831227],[-84.3921900889014,33.82211828613],[-84.3919282539857,33.8217800466119],[-84.3918059156105,33.8215865206015],[-84.391804973121,33.8212268484403],[-84.3916492240324,33.82116186253],[-84.3904649284137,33.8206253665675],[-84.3897825183485,33.8203064345943],[-84.389511368255,33.8201798199428],[-84.3890337131353,33.8200944571935],[-84.3884094208581,33.8199643540717],[-84.3884828487045,33.8197100105086],[-84.3885628011323,33.8194322962635],[-84.3888075561238,33.8185843740696],[-84.3888548739532,33.818420082321],[-84.3889839311635,33.8180340672185],[-84.3890394795883,33.81786976198],[-84.3891911835262,33.8176468811986],[-84.3894043822064,33.8173314826619],[-84.3894404881879,33.8172881326412],[-84.3897457387748,33.8169200059536],[-84.3900181632076,33.816591100499],[-84.3903119528343,33.8162487573743],[-84.3909625161072,33.8157312541941],[-84.3911145096269,33.8156227662777],[-84.3911892495842,33.8155601087121],[-84.3913797403827,33.8153790652917],[-84.3914183221978,33.8153391461847],[-84.3914601730485,33.8152899451749],[-84.3916127727113,33.8150993536523],[-84.3916906881747,33.814992030358],[-84.3917275567813,33.8149266919133],[-84.3918061341457,33.8147582210152],[-84.3922080294769,33.813900041154],[-84.3922636003848,33.813747756254],[-84.3924246024134,33.813310150643],[-84.392445807528,33.8132359098095],[-84.3924587442756,33.8131472555415],[-84.3924634837028,33.8130713275797],[-84.3924682402171,33.8130022695391],[-84.3924697636686,33.8129555470609],[-84.3924620420895,33.8128360136711],[-84.3924461888405,33.8127542832836],[-84.3924312493027,33.8127072478413],[-84.3923881438977,33.8125915563553],[-84.3923144831269,33.8124367605481],[-84.3922631561197,33.8123241780185],[-84.3922523390742,33.8122798828104],[-84.3922262461443,33.8120597278742],[-84.3922208825877,33.8118979362408],[-84.3922370398075,33.8117817941945],[-84.3922787854376,33.8115797516043],[-84.3927688934696,33.8115705038757],[-84.3932389313316,33.811536243303],[-84.3937048565938,33.8114602397983],[-84.3942447331079,33.811359048981],[-84.394914400679,33.8111657693848],[-84.3954539408467,33.8109393308854],[-84.39609314838,33.8105791083393],[-84.3967091929748,33.8101621484644],[-84.3986656240193,33.8086555493142],[-84.4042902754758,33.8018958239332],[-84.4061317650689,33.8023264454092],[-84.4078278333878,33.8029237769108],[-84.4090371355553,33.8033544577421],[-84.413273287732,33.805241431447],[-84.4156418510905,33.8068325686681],[-84.4157531889585,33.8069113546753],[-84.4159981849682,33.8071028913854],[-84.416345457277,33.8073691104961],[-84.4164800003517,33.8075024709623],[-84.4169832690626,33.8079195243666],[-84.4171656470769,33.8080861084871],[-84.4173811444242,33.8083196129598],[-84.4177032959703,33.808718137632],[-84.4177279571795,33.8087077819387],[-84.4179468638566,33.8089804401952],[-84.4183352423775,33.8095073080159],[-84.4187512723533,33.8102000404995],[-84.4190639819172,33.8101808507657],[-84.4193478888939,33.8101637807339],[-84.4200893385521,33.8101186311699],[-84.4203468801044,33.8100923376913],[-84.4208685696287,33.8100469480083],[-84.4209673214847,33.8100415916462]]]}},{"type":"Feature","properties":{"NPU":"D","OBJECTID_1":4,"OBJECTID":4,"GlobalID":"{0FD90619-D9C2-4B51-9DB0-8A49B78988F6}","NPU_1":null,"scenario":"ssp126","year":2025,"MEAN_FL_depth10":0.17,"MEAN_FL_depth20":0.19,"MEAN_FL_depth50":0.22,"MEAN_FL_depth100":0.24,"MEAN_FL_depth200":0.26,"MEAN_FL_depth500":0.29,"MEAN_DT_monthsExtreme3moSPEI":0.19,"MEAN_DT_totalWaterStress":0.29,"MEAN_HT_daysExceeding35C":23.96,"HT_waveMax35CMin24C_mean":0.2,"Shape__Area":0.0016353265596080746,"Shape__Length":0.21919704399274662},"geometry":{"type":"Polygon","coordinates":[[[-84.4549420446396,33.82126734761],[-84.4531155044769,33.8203028579906],[-84.4528953018767,33.8201772955458],[-84.4525134533332,33.8199593538412],[-84.4512772605371,33.8192720676519],[-84.4508517427137,33.8190387628287],[-84.4494027802141,33.8182217512329],[-84.448627672529,33.817809574852],[-84.4485658288499,33.8177763943652],[-84.4474336750241,33.8171688717461],[-84.4472489398866,33.8170603946216],[-84.4469157572564,33.8168649989206],[-84.4464061465264,33.8165834319798],[-84.4456327187749,33.816172263739],[-84.4454991883368,33.8161151972586],[-84.4453255517328,33.8163821673032],[-84.4453009615701,33.8164141705776],[-84.4452427133805,33.8164740753184],[-84.4451516201511,33.8165584452161],[-84.4451327397841,33.8165742903712],[-84.4450851125878,33.8166094376755],[-84.445007894099,33.816657361648],[-84.4449339446458,33.8166984085048],[-84.444882989958,33.8167229141312],[-84.4448353106011,33.8167419150074],[-84.4447366432814,33.8167754597197],[-84.4446026011291,33.8168149237698],[-84.4445540665169,33.8168239655536],[-84.4445211504307,33.8168267885255],[-84.4444388570676,33.8168328139832],[-84.4443022428542,33.8168410220956],[-84.4442610907767,33.8168421453488],[-84.4442125174937,33.8168395067379],[-84.4441328987143,33.8168297913618],[-84.4420503620345,33.8194365275737],[-84.4409066878933,33.8189028482878],[-84.4403944007809,33.818575740578],[-84.4394427552789,33.8178648534803],[-84.4367220515814,33.8158276911951],[-84.4366881030734,33.8171837681165],[-84.4370374285344,33.8173575917795],[-84.43719522448,33.8175480933699],[-84.4375526366449,33.8175950217929],[-84.4376251417868,33.8179288474384],[-84.437483251251,33.8182512157211],[-84.4377701925403,33.8186084264378],[-84.4380933738101,33.8197057738025],[-84.4382194677542,33.8197535907557],[-84.4383731322142,33.8209710560694],[-84.4385113292344,33.8212009137912],[-84.438603917137,33.821325066099],[-84.4388292314838,33.8217708105745],[-84.4384559166072,33.8216393764561],[-84.4379754520054,33.8214638620676],[-84.4378600743829,33.8214218619294],[-84.4377834305608,33.8213938615376],[-84.4374504826536,33.8212709224152],[-84.4373746545166,33.8212408580792],[-84.4372971752244,33.8212087369937],[-84.4372205152146,33.8211752399454],[-84.4371479660058,33.8211400152995],[-84.4371017903154,33.8211153828687],[-84.4370696224651,33.8210948414538],[-84.4370456978007,33.8210780619031],[-84.43702094576,33.8210599090876],[-84.4369920604352,33.821036268609],[-84.4369524273126,33.8209978810474],[-84.4369169193803,33.8209622319215],[-84.4367839932866,33.8208367917846],[-84.4367336078697,33.8207819376364],[-84.4367080131643,33.8207576028811],[-84.4365511525136,33.8206112607012],[-84.4364595412748,33.8205348551995],[-84.4364141803701,33.8205071282015],[-84.4362542485347,33.8204315581699],[-84.4361487193879,33.820379229318],[-84.4360712266058,33.8203422977589],[-84.4358776484347,33.8202990925291],[-84.4356091162676,33.8202416222531],[-84.4355695793726,33.8202334636035],[-84.4353636732948,33.8201964681925],[-84.4351470616875,33.8201581211005],[-84.4350523333984,33.8201373728415],[-84.4349872521599,33.8201206814244],[-84.4349221574316,33.8200998675149],[-84.4347705245401,33.8200448892603],[-84.4346304155612,33.8199902293657],[-84.4345636552884,33.8199628917741],[-84.4343823150917,33.8198842748395],[-84.4342058977839,33.8198001495573],[-84.4340970600313,33.8197423303443],[-84.4339362549542,33.8196492397207],[-84.4337770875425,33.8195530536306],[-84.4336632693444,33.8194815017699],[-84.4335948156482,33.819439396411],[-84.4335007987228,33.8193822310052],[-84.4333432833658,33.8192877581236],[-84.4332047275161,33.8192018323987],[-84.433103277694,33.8191364381961],[-84.4330504766981,33.8190984193566],[-84.4329432028665,33.8190131132646],[-84.432882950088,33.8189603401476],[-84.4328292857429,33.8189089268056],[-84.4328152419299,33.8188928118539],[-84.4327036387619,33.8187381221667],[-84.4326920563933,33.8187192525915],[-84.4325429784756,33.8184248280434],[-84.4324071439745,33.8181537337079],[-84.4316868148945,33.8183265654187],[-84.4307416948733,33.8183459080373],[-84.4307998342449,33.8182471912549],[-84.4308129112868,33.8182169326653],[-84.4308226833201,33.8181825578788],[-84.4308332269718,33.8181313504815],[-84.4308364141692,33.8180969909834],[-84.4308330156312,33.8180626449752],[-84.4307953538225,33.8178607327866],[-84.4307545461853,33.8177065754981],[-84.4307387181173,33.8176451185274],[-84.430670300394,33.8173457090373],[-84.4306360928813,33.8171960042922],[-84.4306118633468,33.8170792570021],[-84.4305901591085,33.816980711091],[-84.4305702247361,33.8169223540834],[-84.4305230247178,33.816830732952],[-84.4304568615948,33.8167288469588],[-84.4303535366863,33.816587534687],[-84.4302585080237,33.8164671595318],[-84.4302403381211,33.8164472746221],[-84.4301883294278,33.8163979162309],[-84.430082663584,33.8162978324791],[-84.4300149689157,33.8162330507147],[-84.4299365408386,33.8161576425612],[-84.4297995480107,33.8160421660132],[-84.4296997610351,33.8159802000263],[-84.4296775037138,33.815969598818],[-84.4295307937111,33.8159056705103],[-84.429394001432,33.8158551205174],[-84.4292835727786,33.8158124144114],[-84.4287716948578,33.8155761265371],[-84.4287618023153,33.8155713385465],[-84.4285557190711,33.815471808777],[-84.4285384026251,33.8154615394185],[-84.4285012786111,33.8154341361765],[-84.4284402164428,33.8153844549287],[-84.4284294857321,33.8153745156214],[-84.4284022254823,33.8153422812214],[-84.4283576020217,33.8152846634565],[-84.4281659789767,33.8150679610176],[-84.4279694411368,33.8148584819335],[-84.4279108170305,33.8147981455181],[-84.4278885264343,33.8147762065568],[-84.427780427025,33.8146864317335],[-84.4276385265967,33.8145795509056],[-84.427488420754,33.8144805886083],[-84.4273927490761,33.8144175821058],[-84.427182460602,33.8142864555555],[-84.4269400267608,33.8141413112725],[-84.4268452948744,33.8141164342261],[-84.4267629250689,33.8140966833153],[-84.4266772376644,33.8140686946146],[-84.4266294494894,33.81405264981],[-84.4265783554067,33.8140321452673],[-84.4265288926942,33.8140071719935],[-84.4261702322704,33.8138049027741],[-84.426107555819,33.8137648424736],[-84.4259846760519,33.813686088842],[-84.425915402174,33.813641919539],[-84.4258386936008,33.8135884899169],[-84.4258056830857,33.8135600470586],[-84.4257355044899,33.8134883971719],[-84.4257189830446,33.8134688504072],[-84.4256776654918,33.8134146599587],[-84.4256371501343,33.8133535977904],[-84.425605702641,33.8132973254113],[-84.4255849894557,33.8132523656042],[-84.4255617329875,33.8131826789376],[-84.4255500409016,33.8131267078314],[-84.4255383605069,33.8130745165757],[-84.4255249417226,33.8129917546658],[-84.4255190646531,33.8129532924605],[-84.4255030513247,33.8128289692816],[-84.42549625245,33.8127578724779],[-84.4254911074286,33.8126891777634],[-84.4254933332507,33.8126084438247],[-84.4255136030703,33.8125063743697],[-84.425525018165,33.8124706236204],[-84.4255765007549,33.8123471880724],[-84.4256288826668,33.8122488292202],[-84.4256616818411,33.8122078812887],[-84.4256739836674,33.8121930838438],[-84.4259841967133,33.8118904709685],[-84.4260268767389,33.8118505320764],[-84.4262345580784,33.8116656206719],[-84.4264734315036,33.8114531621338],[-84.4266277542674,33.8113154246672],[-84.4266893119621,33.8112582700531],[-84.4265024814044,33.811261067844],[-84.426028410083,33.8112675618485],[-84.4258860231214,33.8112695790279],[-84.4255847916048,33.8112739902026],[-84.4252037227736,33.8112792557331],[-84.4245996094843,33.8112877345414],[-84.4245041140736,33.8112814069115],[-84.4244415158632,33.8112664224075],[-84.4243516933759,33.8112312274392],[-84.424317080269,33.8112165280204],[-84.4242832855451,33.8112001090978],[-84.4242206279795,33.811165543655],[-84.4241901229757,33.8111484313551],[-84.4241736267115,33.8111367860339],[-84.4240547624173,33.8110226395832],[-84.423643659827,33.8106174464381],[-84.4235759696552,33.810550942472],[-84.4235313902614,33.8105063765681],[-84.423459607275,33.8104474394978],[-84.4233507632271,33.8103806783257],[-84.4231611609588,33.8102814498291],[-84.4230927459334,33.8102479267005],[-84.4228768286027,33.8101556229836],[-84.4227688964673,33.8101190898242],[-84.4226675779463,33.8100914734428],[-84.4224946050419,33.8100478608202],[-84.4224064741794,33.8100267447385],[-84.4223059929272,33.8100039361328],[-84.4222862321239,33.8100015727144],[-84.4222039324655,33.8100041483728],[-84.4219323659859,33.8100191382727],[-84.4214327692069,33.8100201715937],[-84.4209842683093,33.8100437698042],[-84.4208855164534,33.8100491261663],[-84.4203638278283,33.81009451495],[-84.4201062862761,33.8101208102273],[-84.4193648357186,33.810165958892],[-84.4190809287418,33.810183029823],[-84.4187682200773,33.8102022195569],[-84.4183521883028,33.8095094861739],[-84.4179638106813,33.8089826192525],[-84.4177449040041,33.8087099600966],[-84.4177202427949,33.80872031579],[-84.4173980912489,33.8083217920171],[-84.4171825939015,33.8080882875445],[-84.4170002158872,33.8079217034239],[-84.4164969471763,33.8075046500196],[-84.4163624041016,33.8073712895534],[-84.4160151317928,33.807105071342],[-84.4157701357831,33.8069135328333],[-84.4156587970159,33.8068347468262],[-84.4132818609691,33.8052414134605],[-84.4113288986097,33.8043351918157],[-84.4100270562037,33.8037699903928],[-84.4090457078931,33.803354440655],[-84.4078364075241,33.8029237598237],[-84.4078369974794,33.8028409682361],[-84.4078373185374,33.8026619896592],[-84.4078377160377,33.8025101499235],[-84.4078387502581,33.8022920067708],[-84.4078418313354,33.8016300221079],[-84.4078433844646,33.8013036662313],[-84.4078478918667,33.8002699809749],[-84.4078524370403,33.7992496911204],[-84.4078719316443,33.7985715285532],[-84.407836842796,33.7983843733402],[-84.4078641992733,33.7978686831932],[-84.407869113169,33.7972733391933],[-84.4078783096363,33.7961513558005],[-84.4078807710807,33.7958552297351],[-84.4078787871762,33.7939744136883],[-84.4078781603488,33.7937507774765],[-84.4078814752498,33.7931722678859],[-84.4078857569221,33.7923515690697],[-84.4078873334337,33.7920334581776],[-84.4078777052918,33.7915346725871],[-84.407869984612,33.7911289803183],[-84.4078671211707,33.7909881392912],[-84.4078649574018,33.7908033250135],[-84.4078533768318,33.7899015837911],[-84.4078563787688,33.7897981752457],[-84.4076744441203,33.7886007513237],[-84.4079314011132,33.7884510052098],[-84.4091532254409,33.7876785334376],[-84.4096837813814,33.7873711757392],[-84.4104267140216,33.7869975532945],[-84.4114369080868,33.7865690047558],[-84.4120192433933,33.7863903580287],[-84.4141221119459,33.7856160804178],[-84.4152762730815,33.7851900742626],[-84.4160848679223,33.7850109526934],[-84.4170410963695,33.7849059577438],[-84.4177030981194,33.7850133970507],[-84.4190086745107,33.7852835408028],[-84.4222283733407,33.7861381989188],[-84.4241659222195,33.7865770015275],[-84.4267883650909,33.7868682316836],[-84.427702060102,33.7869800102193],[-84.4288016629664,33.7870728364423],[-84.4303250524592,33.7871719633155],[-84.4310272269249,33.7872656187134],[-84.431833275785,33.7874222554328],[-84.4327441478241,33.7876813770939],[-84.4337878227498,33.7880432624866],[-84.4348127297237,33.7884525871173],[-84.4365884977609,33.7892525727481],[-84.4555629356809,33.8041925881175],[-84.4573428603846,33.8055814120526],[-84.4583508861844,33.8062578425254],[-84.4593572536343,33.8066838378888],[-84.460171377507,33.8069673752442],[-84.4616046351458,33.8070711372233],[-84.4628455161076,33.8069967102301],[-84.4702353236013,33.8064689511812],[-84.4711234490879,33.8064768733091],[-84.4738486098254,33.806162373195],[-84.4758406144527,33.8060500442742],[-84.4791749255823,33.8058698785921],[-84.481329489864,33.8056711670907],[-84.4823583880291,33.8057043223966],[-84.4839373897987,33.8061225233358],[-84.485088782821,33.806820926045],[-84.4861962592499,33.8080009642732],[-84.4865738638927,33.8088392232516],[-84.4891592187229,33.8131441717662],[-84.4881290093463,33.8133693674025],[-84.4867999876293,33.8135919442129],[-84.4856286971067,33.813872531792],[-84.4846731998083,33.8143475959648],[-84.4845928804571,33.8144083991284],[-84.4845025453561,33.8144593088501],[-84.4844621684942,33.814479342148],[-84.484360600861,33.8145281159798],[-84.4841262914951,33.8147017615771],[-84.4840243722269,33.8147520705517],[-84.4839265232904,33.8148191401912],[-84.4838560820925,33.8148528647679],[-84.4838112679756,33.8148778686188],[-84.4837586621325,33.8149156959027],[-84.4837104926451,33.8149484627015],[-84.4836576808572,33.8149788966588],[-84.4836052782609,33.8149996808906],[-84.4835705293564,33.8150235758774],[-84.4834963568713,33.8150843619538],[-84.4834190133767,33.8151310907273],[-84.4833578612763,33.8151954507096],[-84.4831301052701,33.8153831446165],[-84.4830477642429,33.8154277213123],[-84.4830009041684,33.8154534500168],[-84.4829738660511,33.8154665945078],[-84.4827808949223,33.8155918880552],[-84.4827345906288,33.8156233877093],[-84.4824297258511,33.815849872074],[-84.4822421362655,33.815961444665],[-84.482144575112,33.8160346449829],[-84.4820965531134,33.8160595642975],[-84.4817812247237,33.8163253895052],[-84.4817016967759,33.8164082809175],[-84.4815975768666,33.8164669796674],[-84.4815583673247,33.8164898934938],[-84.4815154309923,33.8165169648861],[-84.4814538732976,33.8165439031786],[-84.4812847782699,33.8166942023756],[-84.4811409541916,33.8167870861552],[-84.4809911001591,33.816912087423],[-84.4808431832662,33.8170064245069],[-84.4807392342282,33.8170879354599],[-84.480693363408,33.8171655109796],[-84.4806411694544,33.8172194765976],[-84.480542692791,33.817286905966],[-84.4801752199104,33.8176468200448],[-84.4800141036679,33.8178365023527],[-84.4798539739817,33.8179542236086],[-84.4797730233063,33.8180635389012],[-84.479739403051,33.8181289996537],[-84.4796507415884,33.8182744038407],[-84.4794996608806,33.8184795697764],[-84.4793255080657,33.8187601789392],[-84.4792662985008,33.8188456334193],[-84.4791836526035,33.8189794786201],[-84.4791008646132,33.8190737383624],[-84.479056524439,33.8191076661859],[-84.4789928317538,33.8192342493612],[-84.4789197699314,33.8193083768801],[-84.4788466667403,33.8194203757498],[-84.4787497575952,33.8195278375397],[-84.4786370725428,33.8196097289059],[-84.4785266303996,33.8197449977335],[-84.4784147664283,33.8198565541367],[-84.4782811073871,33.8199784446496],[-84.4782223250003,33.8200591174344],[-84.478152731863,33.8201318824804],[-84.4780112855923,33.8202686711623],[-84.4779360492093,33.8203575916296],[-84.4777860090171,33.8204835812523],[-84.4774493729901,33.8207538670973],[-84.4768420698056,33.8212554945455],[-84.4707278310245,33.8265487242443],[-84.4699258336103,33.826975594648],[-84.4694175592729,33.827155745941],[-84.4689092030972,33.8273135337926],[-84.4679664339038,33.8274724700785],[-84.4677322567382,33.8275252521887],[-84.4676176399421,33.8275445588343],[-84.4675010140605,33.8275505249368],[-84.4668467968422,33.8276374219295],[-84.466446465432,33.8276502084904],[-84.4656786008867,33.8276008545958],[-84.4650590741169,33.8275162400824],[-84.4647644382282,33.8274548235813],[-84.464509971458,33.8274133270634],[-84.4641871238367,33.8273363783712],[-84.4638740680338,33.8272049397562],[-84.4634950154825,33.8269798790183],[-84.4633973715914,33.8270116745492],[-84.4632815775827,33.8270260196351],[-84.4631206142249,33.8269917806462],[-84.462993283713,33.8269424006713],[-84.4629612192848,33.8269211973554],[-84.4628252561806,33.8269007845436],[-84.4626869620336,33.8268505286291],[-84.4624429238019,33.8267053951379],[-84.462300058401,33.8266213364056],[-84.4618110880112,33.8264331442742],[-84.4616915636147,33.8264249541484],[-84.4615824263878,33.82637967778],[-84.4614464830687,33.8262610643966],[-84.4607441557181,33.8259067387051],[-84.4602770676325,33.8255747521731],[-84.4598582452618,33.8252323694783],[-84.4597588090218,33.825078140244],[-84.459443435666,33.824889976891],[-84.459384446435,33.8248377262801],[-84.4592704447751,33.8248021077312],[-84.4591796762011,33.824733070375],[-84.4583274885227,33.824587926092],[-84.4579832397347,33.8246070447793],[-84.4575150895497,33.8236429787405],[-84.4573485710796,33.8233311046468],[-84.4572021146858,33.823108845297],[-84.457062343852,33.8229157680483],[-84.456916858726,33.8227367903706],[-84.4568755483678,33.8226922289633],[-84.4567450729268,33.822570239525],[-84.4566699372677,33.8225034288902],[-84.4565064567076,33.8223578142617],[-84.4562654150168,33.822158448054],[-84.4560582984517,33.8220105302618],[-84.4549420446396,33.82126734761]]]}},{"type":"Feature","properties":{"NPU":"E","OBJECTID_1":12,"OBJECTID":12,"GlobalID":"{8D020068-7374-43E3-8206-19147BFD5E9F}","NPU_1":null,"scenario":"ssp126","year":2025,"MEAN_FL_depth10":0.11,"MEAN_FL_depth20":0.13,"MEAN_FL_depth50":0.15,"MEAN_FL_depth100":0.17,"MEAN_FL_depth200":0.19,"MEAN_FL_depth500":0.21,"MEAN_DT_monthsExtreme3moSPEI":0.19,"MEAN_DT_totalWaterStress":0.29,"MEAN_HT_daysExceeding35C":24.04,"HT_waveMax35CMin24C_mean":0.22,"Shape__Area":0.001489626728471194,"Shape__Length":0.18471854458807282},"geometry":{"type":"Polygon","coordinates":[[[-84.3686042377953,33.782122228658],[-84.3678511679969,33.7811529861215],[-84.366499806221,33.7794117682386],[-84.365797332281,33.7780645478406],[-84.3651540301344,33.7756093428969],[-84.3645845371466,33.7733600287424],[-84.3648485610123,33.7733304050742],[-84.3649875836101,33.7733233112219],[-84.3651562550571,33.773329910447],[-84.365584966373,33.7733632294295],[-84.3657997343702,33.7733800593423],[-84.366859544932,33.7734460201178],[-84.3670808869733,33.7734597455708],[-84.3675260414936,33.7734875364207],[-84.3676618418205,33.7735099879956],[-84.3684165645728,33.7736341448],[-84.3693194344443,33.7737824448041],[-84.369562285571,33.7738452552544],[-84.3697638704062,33.7738535119301],[-84.3698807085278,33.7738584725905],[-84.3700937920948,33.7738581209556],[-84.370115183369,33.773858085882],[-84.3702253746013,33.7738359184929],[-84.3703923058602,33.7738019771796],[-84.3709094825865,33.7736695502096],[-84.3711627253795,33.7736045472121],[-84.3716659041581,33.7734683619754],[-84.3724108027163,33.77326684369],[-84.3728062436132,33.7731480099727],[-84.3733776179827,33.7729766621433],[-84.3734655833699,33.7729500628951],[-84.3741906329913,33.7727090625733],[-84.3747644229397,33.7725184674534],[-84.3750735127324,33.7724159168611],[-84.3752453650815,33.7723774951253],[-84.375358014161,33.7723522268738],[-84.3756853485,33.7723097626854],[-84.3758523562012,33.772309479399],[-84.3758795139284,33.7723128689438],[-84.3760704408981,33.7723372792421],[-84.3765725243025,33.7724326145736],[-84.3767996957493,33.7724758557762],[-84.3773280591426,33.772551906945],[-84.3777229856273,33.7725625684079],[-84.3777707684062,33.7712477964487],[-84.3791685756692,33.7712677263245],[-84.3803845328199,33.7712731852094],[-84.3804923066746,33.7712736852324],[-84.3818933703827,33.7712798383939],[-84.3830624332846,33.771285007697],[-84.3832557686388,33.7712856992757],[-84.3834532111967,33.7712843224136],[-84.3837773763248,33.771293371392],[-84.3848032302848,33.7712750728863],[-84.3849957544505,33.7712805722406],[-84.385761740312,33.7713025750538],[-84.3858506337997,33.7713192502832],[-84.3867703596644,33.7713007809064],[-84.3872993489857,33.7712998357189],[-84.3874177618202,33.7712779821932],[-84.3876817200353,33.7712287281233],[-84.3888500131176,33.7712551439098],[-84.3894514374339,33.7712684880503],[-84.3900841275804,33.7712828025594],[-84.3904584748787,33.7712910565371],[-84.3906929569144,33.7712964713551],[-84.3908501008514,33.7712999643219],[-84.3910244533158,33.7712776620345],[-84.3910615341624,33.7713006109345],[-84.392070134629,33.7712915583588],[-84.3927365061847,33.7712869043672],[-84.393746854034,33.7713169983808],[-84.394527602267,33.7713210552226],[-84.3946436085157,33.7713235895121],[-84.3948994665371,33.7713231164687],[-84.395094468335,33.7713320314481],[-84.3955206084893,33.7713260887281],[-84.3956686737702,33.7713186000734],[-84.3960010694937,33.7713286320108],[-84.3961672732011,33.7713358805465],[-84.3967218509326,33.7713664529995],[-84.3968353804484,33.7713655545767],[-84.3980554564941,33.7713728921453],[-84.3985759409269,33.7713364102472],[-84.3990135294508,33.7712367716597],[-84.3994876430402,33.7710218588717],[-84.4002538339473,33.7706819708963],[-84.4004422302247,33.7708162837445],[-84.4011590645392,33.7712144468892],[-84.4022370342117,33.7715651186354],[-84.4033355965605,33.7717217436636],[-84.4042754879234,33.7717728467395],[-84.4050678230216,33.7719212258839],[-84.4059134213672,33.7722370426055],[-84.4069182977412,33.772869995354],[-84.4081077410793,33.7742241729073],[-84.4082797768901,33.7745481284934],[-84.4084284815891,33.7747666664486],[-84.4084977923392,33.7750714403947],[-84.40901748357,33.7758816872901],[-84.4095685665361,33.7765860534037],[-84.4127452202157,33.7796572813585],[-84.4180254691001,33.7845813699343],[-84.4186693782892,33.7850201176843],[-84.4190000823879,33.7852764019844],[-84.4176945050973,33.785006257333],[-84.4170325042467,33.7848988180261],[-84.4160762749001,33.7850038129756],[-84.415267681858,33.7851829354441],[-84.4141135207224,33.7856089415994],[-84.4120106530692,33.7863832183109],[-84.4114283168633,33.7865618650381],[-84.4104181236974,33.7869904135768],[-84.4096751910572,33.7873640351222],[-84.4091446342175,33.7876713928206],[-84.4079228089904,33.7884438654921],[-84.4076658528967,33.7885936107066],[-84.407847786646,33.7897910355279],[-84.407844784709,33.7898944431741],[-84.407856365279,33.7907961843965],[-84.4078585290478,33.7909809995735],[-84.4078613924892,33.7911218406005],[-84.407869113169,33.7915275328694],[-84.4078787422101,33.7920263184599],[-84.4078771656986,33.792344429352],[-84.407872883127,33.7931651281682],[-84.407869568226,33.7937436377587],[-84.4078701950534,33.7939672730712],[-84.4078721780585,33.7958480891181],[-84.4078697175134,33.7961442160828],[-84.4078605201469,33.7972661985763],[-84.4078556062512,33.7978615443748],[-84.4078282497738,33.7983772336225],[-84.4078633386221,33.7985643879362],[-84.4078438440181,33.799242552302],[-84.4078392988445,33.8002628403578],[-84.4078347914424,33.8012965265136],[-84.4078332374139,33.8016228814909],[-84.4078301563366,33.802284867053],[-84.4078291221163,33.8025030093065],[-84.4078287255152,33.8026548490421],[-84.4078284044572,33.8028338285184],[-84.4078278136027,33.802916620106],[-84.4061317452838,33.802319287705],[-84.4042902556907,33.8018886680277],[-84.3986656051335,33.8086483925094],[-84.3967091731898,33.8101549925589],[-84.3960931294943,33.8105719515344],[-84.3954539219609,33.8109321731813],[-84.3949143817932,33.8111586134793],[-84.3942447142222,33.8113518921762],[-84.3937048377081,33.8114530829934],[-84.3932389124458,33.8115290864982],[-84.3927688745839,33.8115633479702],[-84.3922787665518,33.8115725939002],[-84.39224539361,33.8117768362321],[-84.3922292363901,33.811892977379],[-84.3922345999468,33.8120547690124],[-84.3922606937759,33.8122749230493],[-84.3922715108215,33.8123192182574],[-84.3923228378287,33.8124318016863],[-84.3923964985995,33.8125865974935],[-84.3924396031052,33.8127022880802],[-84.392454542643,33.8127493244218],[-84.392470395892,33.8128310548094],[-84.3924781183704,33.8129505881992],[-84.3924765949189,33.8129973106774],[-84.3924718375052,33.813066368718],[-84.3924670980781,33.813142297579],[-84.3924541622297,33.8132309509477],[-84.3924329562159,33.8133051917812],[-84.3922719550866,33.8137427973923],[-84.3922163832794,33.813895081393],[-84.3918144888476,33.8147532612541],[-84.3917359114831,33.8149217339509],[-84.3916990419772,33.8149870714962],[-84.3916211274131,33.8150943938912],[-84.391468526851,33.8152849863131],[-84.3914266768996,33.8153341873229],[-84.3913880950845,33.8153741073293],[-84.3911976051853,33.8155551498504],[-84.3911228643287,33.8156178074159],[-84.390970870809,33.8157262953323],[-84.3903203066368,33.8162437985125],[-84.3900265179095,33.8165861416372],[-84.3897540934766,33.8169150470918],[-84.3894488428897,33.8172831737795],[-84.3894127369082,33.8173265238001],[-84.3891995391274,33.8176419232362],[-84.3886385609208,33.8174790713022],[-84.3884015562867,33.8171830333703],[-84.3885184348778,33.8168612811233],[-84.3888134170056,33.8163413362837],[-84.38970065666,33.8156722604665],[-84.3902908052764,33.8150287946432],[-84.3902902899649,33.8148309231087],[-84.3901117907265,33.8145591731674],[-84.3895785386187,33.8142884070843],[-84.3889259365827,33.814017511499],[-84.3883333624946,33.8137217694442],[-84.3879467529403,33.813178658968],[-84.3878566507638,33.8127092182559],[-84.3872632025347,33.8123887385495],[-84.3866113829089,33.8124146363265],[-84.3863463491047,33.8127366511756],[-84.3856357668771,33.8129601767708],[-84.3848365474686,33.812961593203],[-84.3842149801372,33.8132347649725],[-84.3833093691321,33.8134799201623],[-84.3829738968278,33.813619981477],[-84.3825567597866,33.8133613481477],[-84.3822015536587,33.8135100303637],[-84.3811957105136,33.8138333258474],[-84.3809883520308,33.8138584205298],[-84.3798337025633,33.8142561654897],[-84.3775560129995,33.815199286318],[-84.3764606540359,33.8156212895909],[-84.37533599516,33.815845803541],[-84.3746553972288,33.8158964209831],[-84.3739734377239,33.8157244310377],[-84.3763043347772,33.8126143101024],[-84.3768847536284,33.8116620935309],[-84.3771091119959,33.8111862676322],[-84.3773593474559,33.8105224879225],[-84.3775690297869,33.8097701456757],[-84.3776734941364,33.8090732924985],[-84.3776728151483,33.808796752768],[-84.3776319787328,33.8082550785091],[-84.3775508967564,33.8077467960778],[-84.3773775524321,33.8072050031084],[-84.3770977958266,33.8065641138429],[-84.3768311324508,33.8058902212567],[-84.376404658648,33.8048181079694],[-84.3760320803162,33.8042440176474],[-84.3728194402649,33.7986046685706],[-84.371197633464,33.7957646662064],[-84.3707946427585,33.7950009808106],[-84.3704945443877,33.7942457130692],[-84.3702974750484,33.793558979963],[-84.3701932912873,33.7930009173585],[-84.3701403365073,33.792356886761],[-84.3701894502829,33.7913777471853],[-84.370543070906,33.7886804573373],[-84.3707752407847,33.7868250138633],[-84.3707419397887,33.7857944807308],[-84.3705860513052,33.7851162669023],[-84.370255091799,33.7843438715724],[-84.3699040971963,33.7837948021884],[-84.3686042377953,33.782122228658]]]}},{"type":"Feature","properties":{"NPU":"F","OBJECTID_1":1,"OBJECTID":1,"GlobalID":"{DE657C1D-CA46-4C37-99A5-99ABBED0F849}","NPU_1":null,"scenario":"ssp126","year":2025,"MEAN_FL_depth10":0.15,"MEAN_FL_depth20":0.15,"MEAN_FL_depth50":0.16,"MEAN_FL_depth100":0.16,"MEAN_FL_depth200":0.17,"MEAN_FL_depth500":0.17,"MEAN_DT_monthsExtreme3moSPEI":0.19,"MEAN_DT_totalWaterStress":0.29,"MEAN_HT_daysExceeding35C":23.87,"HT_waveMax35CMin24C_mean":0.23,"Shape__Area":0.0011913595708392677,"Shape__Length":0.16674989388945433},"geometry":{"type":"Polygon","coordinates":[[[-84.3498971719169,33.8246062722617],[-84.3496957003962,33.8247065385759],[-84.3485075439879,33.8252988104917],[-84.3484696591474,33.8203635181619],[-84.3484962997644,33.8157659374481],[-84.3484190920674,33.8158443754177],[-84.3486216913379,33.8046926759263],[-84.3480387354992,33.804699259863],[-84.3468178860365,33.8046781464793],[-84.3379463609357,33.8046167047971],[-84.3381834060393,33.8033110025008],[-84.3380555161491,33.8026122814317],[-84.338349984764,33.8023934260158],[-84.3385172901408,33.8003157204942],[-84.3387978444449,33.7999263491218],[-84.3385987282487,33.7998861952917],[-84.3415950795492,33.7962062207405],[-84.3446350857405,33.7962627809027],[-84.3446000976164,33.7961002482279],[-84.3449847826216,33.7961211538682],[-84.3452759471272,33.7920556930159],[-84.348784305851,33.7921049470857],[-84.3486961363176,33.7920698204659],[-84.3488087925917,33.7918486376046],[-84.3487801716676,33.7881296468657],[-84.3488520400895,33.7847646670558],[-84.3488844741391,33.7830556628886],[-84.3481606583877,33.7830529568286],[-84.3481620928063,33.7829309494039],[-84.3472976239861,33.7829297838825],[-84.3474430371664,33.7802449127726],[-84.3452277452642,33.7793217820746],[-84.3451264285418,33.7792770659839],[-84.3454433604227,33.7789602150419],[-84.3456272861703,33.7787802831836],[-84.3457759045343,33.7786347530914],[-84.3462702942386,33.7781963767615],[-84.3468007818306,33.7777108831508],[-84.3472958100535,33.7771897107366],[-84.347370486159,33.7770965049997],[-84.3480007058678,33.7763119877081],[-84.3487458049749,33.7753895422936],[-84.3488212976647,33.775295647676],[-84.3489205099735,33.7751357599075],[-84.3489770026865,33.7750058213616],[-84.3489830092585,33.7747337368725],[-84.3489824175045,33.7744544470152],[-84.348981106293,33.7738354067786],[-84.3491621092439,33.7738378880082],[-84.3498425012304,33.7738389411143],[-84.3507499639396,33.7738403386608],[-84.3516426166134,33.773841408854],[-84.3524184455548,33.7738426481197],[-84.3525072841838,33.7738359877407],[-84.352619156249,33.773827918124],[-84.3528898288025,33.7738264792087],[-84.3535068716448,33.7738279513989],[-84.354119800988,33.773829426287],[-84.3543550996081,33.7738300998793],[-84.3547746891006,33.7738311781664],[-84.3555990526541,33.7738299191155],[-84.3561617908339,33.7738290566657],[-84.3562391262346,33.7738289379552],[-84.3573374529611,33.7738272454311],[-84.3574789594863,33.7738270268958],[-84.3580787200568,33.7738260978962],[-84.3582375052566,33.7738258514819],[-84.3587261995544,33.7738250924541],[-84.3602523373754,33.7738227083514],[-84.3609919605105,33.7738215455279],[-84.3623683648082,33.7738193709673],[-84.36296483386,33.7738184230818],[-84.3632287920751,33.7737589158414],[-84.3637508539188,33.7735997151548],[-84.364100263916,33.7734930060974],[-84.3645845542338,33.7733671855472],[-84.3651540472214,33.7756165006011],[-84.3657973484688,33.7780717046455],[-84.3664998224089,33.7794189241441],[-84.3678511850841,33.7811601438256],[-84.3686042548824,33.7821293854628],[-84.3699041142834,33.7838019598926],[-84.3702551088861,33.7843510283773],[-84.3705860683923,33.7851234237071],[-84.3707419568757,33.7858016366363],[-84.3707752578718,33.7868321715675],[-84.3705430879931,33.7886876150415],[-84.37018946737,33.7913849039902],[-84.3701403535944,33.7923640435658],[-84.3701933083744,33.793008073264],[-84.3702974921355,33.7935661376672],[-84.3704945614748,33.7942528698741],[-84.3707946598456,33.7950081385148],[-84.3711976505511,33.7957718221119],[-84.372819457352,33.7986118262748],[-84.3760320974033,33.8042511744522],[-84.3764046757352,33.8048252656735],[-84.3768311504372,33.8058973789609],[-84.377097813813,33.8065712697484],[-84.3773775704185,33.8072121608126],[-84.3775509138435,33.8077539519833],[-84.3776319967192,33.808262235314],[-84.3776728322354,33.8088039095728],[-84.3776735112235,33.8090804493033],[-84.377569046874,33.8097773033799],[-84.377359364543,33.8105296447274],[-84.3771091299823,33.8111934253363],[-84.3768847707155,33.8116692503357],[-84.3763043518643,33.8126214678065],[-84.3739734548111,33.8157315878425],[-84.3733806918654,33.8156834579253],[-84.3726702823076,33.8156599127748],[-84.372048301288,33.8157842764232],[-84.371397215509,33.815785359207],[-84.3710415111568,33.8157364810538],[-84.3706561750424,33.8156879941057],[-84.3704783826712,33.815688288184],[-84.3702415003449,33.8157625380107],[-84.3696204501236,33.8162829756789],[-84.3690590726181,33.8166298307022],[-84.3687038889732,33.8168035509432],[-84.3681855215445,33.816890967744],[-84.3668386644728,33.8171528683103],[-84.3663649735647,33.8173391412884],[-84.365832978709,33.8175869980416],[-84.365137033847,33.8177736244533],[-84.3646341257643,33.8177868004205],[-84.364071185237,33.8178248030723],[-84.3637010863361,33.8179614325741],[-84.3632567313131,33.8180236332841],[-84.3620284867253,33.8183347600412],[-84.3612692943424,33.8195731247],[-84.3604862285566,33.8208745147471],[-84.3595596651464,33.8219256360593],[-84.3585891644584,33.822511624412],[-84.3572693194235,33.8229042558268],[-84.3567575350322,33.823012570174],[-84.3535794541285,33.8235093592696],[-84.3530050589363,33.823599201542],[-84.352336893233,33.8237235355128],[-84.3520473268226,33.8238160379798],[-84.3511210395043,33.8241114859563],[-84.3498971719169,33.8246062722617]]]}},{"type":"Feature","properties":{"NPU":"G","OBJECTID_1":3,"OBJECTID":3,"GlobalID":"{97F0A02B-0115-4982-BDAA-971813DC5543}","NPU_1":null,"scenario":"ssp126","year":2025,"MEAN_FL_depth10":0.23,"MEAN_FL_depth20":0.25,"MEAN_FL_depth50":0.27,"MEAN_FL_depth100":0.28,"MEAN_FL_depth200":0.29,"MEAN_FL_depth500":0.31,"MEAN_DT_monthsExtreme3moSPEI":0.19,"MEAN_DT_totalWaterStress":0.29,"MEAN_HT_daysExceeding35C":22.89,"HT_waveMax35CMin24C_mean":0.19,"Shape__Area":0.0014183936789322615,"Shape__Length":0.2112536005898999},"geometry":{"type":"Polygon","coordinates":[[[-84.4517399311529,33.7868780360926],[-84.4526312663198,33.7871848056343],[-84.4538305464425,33.7855773969794],[-84.455021691298,33.7859751743149],[-84.4551377443114,33.7859852089503],[-84.4558075494788,33.7859908548941],[-84.4564822937228,33.7859968299898],[-84.4565718509102,33.7857135525385],[-84.4569284536852,33.7841005330133],[-84.4569770143777,33.7838609788012],[-84.4570318613313,33.7832895612643],[-84.4570259500875,33.7832445726789],[-84.4570200721186,33.7832095467832],[-84.4570117398998,33.7831786487757],[-84.4570971305281,33.7831252011671],[-84.4573031031557,33.7829618824849],[-84.45737292562,33.7829277091465],[-84.4580038557933,33.7826373135612],[-84.4581476241135,33.7825713599804],[-84.4571622243571,33.7821775945204],[-84.4565426292389,33.7819248400594],[-84.4565367809477,33.7799444088075],[-84.4565348168283,33.7798499431204],[-84.4577903711287,33.7798500798174],[-84.4586774102343,33.7798758094211],[-84.4620138446631,33.7798994741814],[-84.4621594736807,33.7798991252445],[-84.4622491270955,33.7798906662213],[-84.4623346670112,33.7798822161914],[-84.4625123991279,33.779885912405],[-84.4631830037926,33.7798983878004],[-84.4638634830133,33.7799111788578],[-84.464009947501,33.7799139181928],[-84.4650211047402,33.7799046066124],[-84.465899116451,33.7799361467358],[-84.4684515929666,33.7800010418147],[-84.4686893961986,33.7800069863334],[-84.4715242481455,33.7799494558028],[-84.4751626227568,33.7799713488987],[-84.475137320331,33.7797813401368],[-84.475016850747,33.7793942683309],[-84.4747976850651,33.7789836297907],[-84.474514891449,33.7786733582889],[-84.4743470257945,33.7784590111745],[-84.4742843205649,33.7783509774158],[-84.4741979991383,33.7780594900535],[-84.4742129476693,33.7778034674561],[-84.4742347247527,33.7776542015802],[-84.4740386050975,33.777338642964],[-84.4739425260267,33.777159217424],[-84.4738843677693,33.7770006507595],[-84.4738710290247,33.776951903008],[-84.4737992415417,33.7766628312247],[-84.4737560174262,33.7763084165003],[-84.4738813073764,33.7763740616137],[-84.4743065500072,33.7765719052692],[-84.4757263151173,33.7771788100541],[-84.4760262561068,33.7773068816073],[-84.4765890617358,33.7775476579981],[-84.4769285567075,33.7776924605387],[-84.4771898169565,33.7778161604875],[-84.4773992151017,33.7779320893945],[-84.4774555549299,33.7779670424451],[-84.4777455494175,33.7781469536191],[-84.4780887136232,33.7783948031777],[-84.4790374938852,33.7791127850271],[-84.479247798547,33.7792500080815],[-84.4793888563106,33.7793503049726],[-84.4797163444337,33.7795834173409],[-84.4804256972881,33.7800687400804],[-84.4816815159891,33.7808147771803],[-84.4821746214616,33.7811096378995],[-84.4824721783483,33.7812541904286],[-84.4827547687175,33.7813561816425],[-84.4830883290631,33.781446018519],[-84.4833781913504,33.7815115754989],[-84.4849063823236,33.7818068580002],[-84.4855643461177,33.7819559682933],[-84.4858419542427,33.7820438815199],[-84.4859202105492,33.7820684132267],[-84.4861328057843,33.7821527138767],[-84.4863786264724,33.7823217801261],[-84.4866253239995,33.7825049297588],[-84.486855725811,33.7827307162496],[-84.4869564741619,33.7828293907638],[-84.4873736993367,33.7832879487798],[-84.4880545643666,33.7840570552889],[-84.4884198842702,33.784494445962],[-84.4884867803406,33.7845605722127],[-84.4886750848872,33.7847483353675],[-84.4890068375955,33.7850092367869],[-84.4892956692597,33.785234524154],[-84.4895249703011,33.7853823286316],[-84.4898811719785,33.7855796120095],[-84.4901787432544,33.7857203667016],[-84.4906624319257,33.7859028841108],[-84.4912967273621,33.7860925628216],[-84.4920447060983,33.7863162907643],[-84.4922846443208,33.7864461987331],[-84.492655682114,33.7866472133982],[-84.4930498837451,33.7868804579668],[-84.4937451037535,33.7872918816151],[-84.4939042711651,33.7873862726584],[-84.4944079355777,33.7878397674913],[-84.4946011450268,33.7880137665222],[-84.495894822488,33.7895589465882],[-84.4961479357786,33.7899024858111],[-84.4966789881448,33.7906245370928],[-84.4968478079799,33.7908435399974],[-84.4968898710707,33.7908981081612],[-84.4970370792977,33.7910894029536],[-84.4971693129134,33.7912384835692],[-84.4976832637716,33.7917888111048],[-84.4982870245265,33.7923670652879],[-84.498686583419,33.7926981821754],[-84.4990430539937,33.7929517766033],[-84.4995611165522,33.7932829150745],[-84.4998232347544,33.7933952278076],[-84.5003168960079,33.7936467088286],[-84.5001428780913,33.793804378869],[-84.4998728800293,33.7939961377116],[-84.4996866025546,33.7941270250422],[-84.4994699657663,33.7942921747441],[-84.4992133972804,33.7944409774692],[-84.4991129205249,33.7944934681991],[-84.499015590497,33.7945385188376],[-84.4989424216554,33.7945660551794],[-84.498778348442,33.7946320654175],[-84.4988024125013,33.7950417884478],[-84.5000671542757,33.7962527660524],[-84.5020988441863,33.7942095270481],[-84.5028311990006,33.794302227366],[-84.5046156293078,33.7943931964889],[-84.5049094674979,33.7944081935833],[-84.505622745893,33.7945694114492],[-84.5061632609257,33.7947424374136],[-84.5069134564908,33.7950818379565],[-84.5077562210727,33.7954855499182],[-84.5063695914834,33.7968493673045],[-84.5057115431532,33.7973863560955],[-84.5050171019577,33.7978904368942],[-84.50381333152,33.7986549757466],[-84.5033734991876,33.7989861205131],[-84.5026908517014,33.799661808146],[-84.5022687333154,33.8002312085035],[-84.5019284019741,33.8006487925078],[-84.5016205973127,33.8010989463593],[-84.5013136452085,33.8016800585879],[-84.501078298025,33.8018896276043],[-84.5009698523767,33.8021568350699],[-84.5008094124244,33.8024091227828],[-84.5008166996309,33.8024735771939],[-84.5006735653328,33.8029157225826],[-84.5004981210914,33.8032505599654],[-84.5003437281805,33.8034095025466],[-84.5000556699332,33.8037659236585],[-84.4998658563242,33.8039113449327],[-84.4996747180138,33.8041978005881],[-84.4992701103273,33.8043884352781],[-84.4989005195433,33.8046961104372],[-84.4987708301097,33.8048860931187],[-84.4978990785796,33.805756714201],[-84.4957125200168,33.8083234836419],[-84.493602973998,33.8103014489528],[-84.4923996163492,33.8113418935136],[-84.4915101643626,33.8120894297834],[-84.4903927081569,33.8127206027737],[-84.4900206577271,33.8128842515071],[-84.489676470093,33.8130292500999],[-84.4891556196361,33.8131298473646],[-84.4865652897563,33.8088392448353],[-84.4861876851135,33.8080009867562],[-84.4850802104833,33.8068209476287],[-84.4839288165616,33.8061225458189],[-84.4823498156914,33.8057043448796],[-84.4813209175263,33.8056711886745],[-84.4791663523453,33.8058699001758],[-84.475832042115,33.8060500658579],[-84.4738400365884,33.8061623938794],[-84.4711148758508,33.8064768939935],[-84.4702267512635,33.8064689727649],[-84.4628369428706,33.8069967309145],[-84.461596062808,33.8070711579077],[-84.4601628033706,33.8069673959286],[-84.4593486803972,33.8066838585733],[-84.4583423138467,33.8062578632099],[-84.4573342862483,33.8055814318377],[-84.4555543633431,33.8041926088019],[-84.4365799263225,33.7892525907345],[-84.4348041573859,33.788452606003],[-84.4337792522107,33.7880432813724],[-84.432735577285,33.7876813950804],[-84.432312132399,33.785142046868],[-84.4325558369823,33.7851446225264],[-84.4367728812634,33.7851640919494],[-84.436646155096,33.7797438518973],[-84.4398915664426,33.7797389775718],[-84.4399126915175,33.7784295826592],[-84.4410527800617,33.778438758442],[-84.4416083713292,33.7781540879408],[-84.4421045740668,33.7781787464521],[-84.4425708329775,33.7783587439609],[-84.4429118693872,33.7784878353454],[-84.4429554082654,33.7789789856917],[-84.4430376341795,33.7792192710526],[-84.4430966782691,33.7794146073983],[-84.4433173772951,33.7797318774242],[-84.4437133290069,33.7800487535472],[-84.4439627892513,33.7803532478042],[-84.4442704329341,33.7805847809629],[-84.4444182275191,33.7809997758191],[-84.4443610729052,33.7813911841559],[-84.4444644391825,33.7818062788368],[-84.4447143760676,33.7820011835079],[-84.4448900640252,33.782135107849],[-84.4450240818958,33.7828678961366],[-84.4449518807247,33.783185823567],[-84.4450110111492,33.7834055486272],[-84.4451429758676,33.7835028139038],[-84.445274784104,33.7835516407956],[-84.4454079287329,33.7837591746463],[-84.445525201227,33.783892885848],[-84.4456272688833,33.7839050221991],[-84.4458911920249,33.7838432774453],[-84.4462412324469,33.783695797623],[-84.4464892429841,33.7835488924675],[-84.4467966141723,33.7834382650639],[-84.4471622173624,33.7835229740061],[-84.4473823048494,33.7836444265491],[-84.4485230543954,33.7834951390894],[-84.4487575130487,33.7834822365161],[-84.4500142139847,33.7830643746212],[-84.4503506971269,33.7830512337275],[-84.4508343660132,33.7832576119493],[-84.4510106727043,33.7835749710081],[-84.4509091293528,33.7837218914522],[-84.4507480212042,33.7837710429993],[-84.4505143854305,33.7837839482706],[-84.450456609385,33.783979549017],[-84.4505036843975,33.7850299526702],[-84.4503874722041,33.7854702805291],[-84.4503885208135,33.7857880424842],[-84.4506537767504,33.7861292425706],[-84.4507435138021,33.7866422689256],[-84.4517399311529,33.7868780360926]]]}},{"type":"Feature","properties":{"NPU":"H","OBJECTID_1":2,"OBJECTID":2,"GlobalID":"{C19D1001-FFF7-4085-9A8F-266FAF5E3CD9}","NPU_1":null,"scenario":"ssp126","year":2025,"MEAN_FL_depth10":0.11,"MEAN_FL_depth20":0.12,"MEAN_FL_depth50":0.13,"MEAN_FL_depth100":0.14,"MEAN_FL_depth200":0.15,"MEAN_FL_depth500":0.16,"MEAN_DT_monthsExtreme3moSPEI":0.19,"MEAN_DT_totalWaterStress":0.29,"MEAN_HT_daysExceeding35C":22.63,"HT_waveMax35CMin24C_mean":0.19,"Shape__Area":0.0015875862982284161,"Shape__Length":0.24328522009056047},"geometry":{"type":"Polygon","coordinates":[[[-84.4968945844175,33.7909055482525],[-84.4966837014916,33.790631977184],[-84.4961526482261,33.7899099259024],[-84.4958995358349,33.7895663866794],[-84.4946058583736,33.7880212066135],[-84.4944126480253,33.7878472075826],[-84.493908984512,33.787393713649],[-84.493749816201,33.7872993217064],[-84.4930545961926,33.7868878980581],[-84.4944166661962,33.785230198415],[-84.4951142855958,33.7843324214042],[-84.4955494423529,33.783441867748],[-84.4957355876272,33.7830614284422],[-84.4961169784158,33.781455102571],[-84.4961730961115,33.7795652015728],[-84.4961705231511,33.776959543648],[-84.4961865652577,33.7751326140789],[-84.4961969092599,33.7737516007558],[-84.4960744081074,33.7726983237687],[-84.4958446538077,33.7717803398908],[-84.4954458620369,33.7705446974799],[-84.4949562000685,33.7694230045681],[-84.4947059358302,33.7689465077752],[-84.4943308708729,33.7683167844921],[-84.4941071977889,33.7679085786181],[-84.493601884919,33.7669892592469],[-84.493183642611,33.7658161826707],[-84.4929187922684,33.7649584030079],[-84.4928741157478,33.7646740778465],[-84.4927914095958,33.7641225883868],[-84.4927300920201,33.7635710422699],[-84.492655179393,33.7629047930218],[-84.4926564168601,33.76257981041],[-84.492659318073,33.7618250678726],[-84.4927643211165,33.7610968517384],[-84.4929053932693,33.7601191357895],[-84.4930685365837,33.7595395137376],[-84.4934271682292,33.7584523233161],[-84.4935833741733,33.7579974201449],[-84.4942314490221,33.7564553130623],[-84.4943806753279,33.7563298729253],[-84.4944149970544,33.7562706948368],[-84.494802763137,33.7552816726111],[-84.4954830481042,33.7535701125707],[-84.495594659366,33.7532888073326],[-84.4957013864098,33.7530209136843],[-84.4961515429593,33.752008359798],[-84.4964976893169,33.7511152871409],[-84.4965693580893,33.7509295897289],[-84.4966418407483,33.750741829272],[-84.4982193307575,33.7466664246159],[-84.4983834678227,33.7459335760738],[-84.4989265720037,33.7440887311101],[-84.4993316347471,33.7427076782168],[-84.4998903898296,33.7408796181999],[-84.5005599323949,33.7383600721597],[-84.5007197491171,33.7380068337484],[-84.5011839251979,33.7380990178555],[-84.5012796706202,33.7377655330529],[-84.5016190243984,33.7366337092783],[-84.5019653290367,33.7353888443197],[-84.502168743093,33.7346191253724],[-84.5023653681671,33.7337965208928],[-84.5026132527993,33.7328346465018],[-84.5027234278439,33.7317755841759],[-84.5027603513091,33.7315439430985],[-84.5057847704508,33.7315798260482],[-84.5056570352439,33.7392970083503],[-84.507103281791,33.7392610183813],[-84.5074064990107,33.7392877750108],[-84.5075956480207,33.7393200876519],[-84.5079077829178,33.739390889478],[-84.5081883003497,33.7394755210785],[-84.508604694551,33.7396447977692],[-84.5089375570226,33.7389987742741],[-84.5091301162618,33.7384453332855],[-84.5092727181614,33.7377908606597],[-84.5093029488719,33.7372078319759],[-84.5092600862839,33.7365990548026],[-84.5088838926775,33.7339176820554],[-84.5088366962565,33.7335721913037],[-84.5088057793632,33.7332059900644],[-84.5088245365231,33.7329345935567],[-84.5089516655868,33.7324347053974],[-84.5091946534105,33.7319675417687],[-84.5093318944513,33.7317848292066],[-84.5095749209458,33.731531738399],[-84.5097790274801,33.7313601027865],[-84.510242030845,33.7310676693375],[-84.5109513522231,33.7307537816617],[-84.5110235884678,33.7308774789126],[-84.5121100936059,33.7304192095789],[-84.5126408132229,33.730161686013],[-84.5133725987664,33.7296859275635],[-84.5140710482402,33.7289291264781],[-84.5143591460577,33.7284633684897],[-84.5145115775472,33.7281155682789],[-84.5146538772746,33.7276374185321],[-84.5147181338348,33.7272360304185],[-84.5150367204682,33.7275980039448],[-84.5162826781031,33.7290056111201],[-84.5162857798648,33.7288265165305],[-84.516895525608,33.7295147110352],[-84.5170627698309,33.7297326383506],[-84.5172365791048,33.730010783371],[-84.5173389974967,33.7302435027355],[-84.5174052820281,33.7304554945255],[-84.5174320746305,33.73056497979],[-84.5174614761661,33.7307905117727],[-84.5174667857635,33.7311330680367],[-84.5174344839143,33.7313759992031],[-84.5170467178317,33.731367721843],[-84.5169852779482,33.7315816094038],[-84.5168676187456,33.7317821285425],[-84.5167555164539,33.7319702802043],[-84.5166813547607,33.7321201801023],[-84.5166684386974,33.7322493452311],[-84.516633391218,33.7324524265383],[-84.5165513928325,33.7326236286776],[-84.5163687396256,33.7329309189268],[-84.5162674103127,33.7332080405187],[-84.5161606041285,33.7335620055821],[-84.516136561653,33.7337352078137],[-84.516162163553,33.7339465035284],[-84.5161797264132,33.7340629585387],[-84.5162501451281,33.7341746651288],[-84.5163904384679,33.7343081775804],[-84.5166361746197,33.7345192088944],[-84.5167327761966,33.7346560902064],[-84.5167064953085,33.7348041410983],[-84.516619981427,33.7350035801512],[-84.5166099036241,33.7350863888258],[-84.5166302310003,33.7351602744272],[-84.5167804753386,33.735288436812],[-84.516949999343,33.7354511709348],[-84.5170199576049,33.7355589106153],[-84.5170242284853,33.7356677393747],[-84.5170698951595,33.7357777111725],[-84.5171775754847,33.7358582022943],[-84.5172940304951,33.7360254294301],[-84.5174851993824,33.7361168500126],[-84.51775899708,33.7361130953431],[-84.5178485740524,33.7360976018229],[-84.5181818520108,33.7359669833896],[-84.5182930109137,33.7359179730361],[-84.5184463039537,33.7358762354999],[-84.5185434289361,33.7358781240762],[-84.518666319495,33.735911949377],[-84.5187865849329,33.7359785153962],[-84.518928981787,33.736015080032],[-84.5191185642703,33.7360314926593],[-84.5193712216046,33.7360821703559],[-84.5194815558291,33.736114407454],[-84.5197138695993,33.7361317787586],[-84.5198193393909,33.7361934272849],[-84.5198741179961,33.7362666725689],[-84.5199020446436,33.736412763838],[-84.5198923931194,33.7366858384807],[-84.519934997602,33.736785990581],[-84.5201365599543,33.7369427972723],[-84.5202804119114,33.7371185553771],[-84.5203649032177,33.7372770860687],[-84.5204523721792,33.7373496640558],[-84.5205297084792,33.7373687054015],[-84.5206125036641,33.7373491712273],[-84.5206872310309,33.7372672303984],[-84.5207281987473,33.7371259289185],[-84.5207507420531,33.7369144065747],[-84.52080271927,33.736803974324],[-84.5228140566234,33.7376874862885],[-84.5230235590899,33.7378486537924],[-84.5233639362966,33.7379496575507],[-84.5236463773784,33.7380537136081],[-84.5237667111647,33.7381353342783],[-84.5238677086278,33.7382335114675],[-84.5238374140654,33.7383553345311],[-84.5249860713501,33.7384106203539],[-84.5337188103748,33.7385407900255],[-84.5355563555414,33.7385253045992],[-84.5353229401016,33.7444537659286],[-84.5375153208753,33.7444829093589],[-84.5374506632175,33.7463594410355],[-84.537687847716,33.7463636876341],[-84.5379961712862,33.7463898129396],[-84.5382161274723,33.7464450591922],[-84.5383800118281,33.7465118491426],[-84.5385154749092,33.7466464488746],[-84.5387253838693,33.746879416452],[-84.538877357604,33.7470280510038],[-84.5390366626119,33.7471598295625],[-84.539144694572,33.7472268353502],[-84.5393246237323,33.7472943114834],[-84.5395123113441,33.7473808532438],[-84.5397553855026,33.7475149304697],[-84.5398807518952,33.7475963119203],[-84.5400587520098,33.7478505403702],[-84.5403501233595,33.7482363243469],[-84.5395984852818,33.7489016454946],[-84.5395799448585,33.7492459851142],[-84.5380915147116,33.749218009004],[-84.5375689609388,33.7497338502371],[-84.5370642856882,33.750193290488],[-84.5367590072224,33.7505446052494],[-84.5362978222867,33.7509822702157],[-84.5361570208298,33.7511383106846],[-84.5360146329689,33.7512121216421],[-84.5358620872655,33.7512457616826],[-84.5356427372225,33.7512720263829],[-84.5351568119373,33.7512538205075],[-84.5349222237816,33.7512561434563],[-84.5350284759833,33.757843502076],[-84.5248969215556,33.7577298538498],[-84.5247853795416,33.7625955899146],[-84.5153081340631,33.7624901677871],[-84.5151751692986,33.7730381038255],[-84.5151913885717,33.7741677107713],[-84.5146735877159,33.773895405049],[-84.5141163291053,33.7745473065131],[-84.5138312440167,33.7749184513255],[-84.5133437817901,33.7757002742483],[-84.5130519122159,33.7762461924079],[-84.5128743033064,33.776571315314],[-84.5119786424004,33.7780574494918],[-84.5117935619233,33.7779870002],[-84.5116264642899,33.7782927948766],[-84.5115036258916,33.7785088336158],[-84.5109862935826,33.7793366271836],[-84.5105224961163,33.7799685942753],[-84.5097315855442,33.7808515198818],[-84.5087619985674,33.7817938394142],[-84.5080208537793,33.7824854279602],[-84.5080653297511,33.7825160534732],[-84.5071667784241,33.7833757253096],[-84.5092775295343,33.7833302061242],[-84.5125019345166,33.7833701764925],[-84.5126781332892,33.7833549833459],[-84.5130264272278,33.7833011643173],[-84.5134162437646,33.7832075529863],[-84.5138074929214,33.783042215326],[-84.5140009901535,33.7829734405719],[-84.5141162202873,33.7829464249376],[-84.5142952024616,33.7829369937473],[-84.5144935110666,33.7829716931892],[-84.5146668248141,33.7830363094782],[-84.5148457575257,33.7831026227879],[-84.5152216219802,33.7831934489186],[-84.5151601173455,33.7905466279246],[-84.5126225641799,33.7919725560886],[-84.5114799881109,33.7925886618373],[-84.5104754381909,33.7932433278174],[-84.5094942931271,33.7939184794543],[-84.5077562210727,33.7954855499182],[-84.506918170737,33.7950892771485],[-84.5061679751719,33.7947498766056],[-84.5056274601391,33.7945768515405],[-84.504914181744,33.7944156327753],[-84.504620343554,33.7944006356809],[-84.5028359123475,33.7943096665579],[-84.5020919787618,33.7942121710549],[-84.5000585936291,33.7962554154551],[-84.4987955470768,33.795044433354],[-84.4987714821182,33.794634711223],[-84.49904011411,33.7945266333975],[-84.4991060551003,33.7944961131052],[-84.4992407816367,33.7944237581499],[-84.4994448117287,33.7943076709623],[-84.4997069829909,33.7941105251807],[-84.4999281649528,33.7939546420931],[-84.5001238160612,33.7938156869445],[-84.500262017578,33.7937007625802],[-84.5003100305834,33.7936493537347],[-84.4998279481013,33.7934026678989],[-84.4995658298991,33.7932903542665],[-84.4990477673405,33.7929592157952],[-84.4986912967659,33.7927056222667],[-84.4982917378734,33.7923745053791],[-84.4976879771184,33.7917962511961],[-84.4971740262603,33.7912459227612],[-84.4970417926446,33.7910968421456],[-84.4968945844175,33.7909055482525]]]}},{"type":"Feature","properties":{"NPU":"I","OBJECTID_1":8,"OBJECTID":8,"GlobalID":"{72D25286-76D5-4777-953B-BA7A9BCD85F6}","NPU_1":null,"scenario":"ssp126","year":2025,"MEAN_FL_depth10":0.03,"MEAN_FL_depth20":0.04,"MEAN_FL_depth50":0.04,"MEAN_FL_depth100":0.05,"MEAN_FL_depth200":0.05,"MEAN_FL_depth500":0.05,"MEAN_DT_monthsExtreme3moSPEI":0.19,"MEAN_DT_totalWaterStress":0.29,"MEAN_HT_daysExceeding35C":20.98,"HT_waveMax35CMin24C_mean":0.21,"Shape__Area":0.0023940449386827822,"Shape__Length":0.26691263304875784},"geometry":{"type":"Polygon","coordinates":[[[-84.5020128294285,33.7191101395214],[-84.5016977600436,33.7191109866827],[-84.5016041855847,33.7198113265316],[-84.500759701499,33.7198150973889],[-84.5004733636547,33.7198119965265],[-84.500432716097,33.7203205073856],[-84.5003960570324,33.7207790977772],[-84.5003676987103,33.7211338641366],[-84.500344751609,33.7214209277337],[-84.5003408539472,33.721469691673],[-84.5003116691482,33.7218347930413],[-84.500281062521,33.7222176803018],[-84.5002338202346,33.7228086535965],[-84.5002202044988,33.7229789824941],[-84.500138839236,33.7229583025837],[-84.4999998984765,33.722919364637],[-84.4991530114023,33.7226259374371],[-84.4977596413943,33.7220937429319],[-84.4977177797517,33.7220782467137],[-84.4964487769894,33.7216085038294],[-84.496445173406,33.7271021447482],[-84.5021287583355,33.7271160365759],[-84.5020167252916,33.7279095560812],[-84.5018541836237,33.7305167122765],[-84.5017750675653,33.7315293138268],[-84.501746881913,33.7316826050682],[-84.5016309377176,33.7327409956005],[-84.5014048535511,33.7336024984566],[-84.5012138789173,33.7344000082538],[-84.5010047973335,33.7351948182863],[-84.5006519968921,33.7364644325875],[-84.5003191137361,33.7375711589818],[-84.5002249816975,33.7378974240269],[-84.500720446991,33.7379998307276],[-84.5005606302688,33.7383530700382],[-84.4998910886028,33.7408726151791],[-84.4993323335203,33.7427006760954],[-84.4989272716762,33.7440817280893],[-84.498384166596,33.7459265739523],[-84.4982200286314,33.7466594215951],[-84.4966558458905,33.750749399765],[-84.4965833632316,33.7509371611212],[-84.4965116944591,33.7511228585332],[-84.4961522426319,33.7520013576766],[-84.4957020860824,33.7530139106635],[-84.4955953581392,33.7532818052112],[-84.4954837468774,33.7535631095499],[-84.4948034610109,33.7552746686911],[-84.4944156958277,33.7562636909166],[-84.4943813741011,33.7563228708039],[-84.4942321477953,33.7564483109409],[-84.4935840738459,33.7579904171241],[-84.4934278670024,33.7584453202953],[-84.4930692353569,33.7595325116162],[-84.4929060920425,33.7601121336681],[-84.4927650198897,33.7610898478183],[-84.4926600168463,33.7618180657512],[-84.4926571156333,33.7625728073892],[-84.4926558781662,33.762897790001],[-84.4927307907933,33.763564039249],[-84.4927921083691,33.7641155862653],[-84.492874814521,33.764667075725],[-84.4929194919409,33.7649513999872],[-84.4931843422835,33.7658091805493],[-84.4936025845915,33.7669822562262],[-84.4941078983608,33.7679015755973],[-84.4943315696462,33.7683097814713],[-84.4947066355028,33.7689395056537],[-84.4949568988418,33.7694160015473],[-84.4954465608101,33.7705376953584],[-84.4958453525809,33.7717733377694],[-84.4960751059813,33.7726913207479],[-84.4961976080331,33.7737445968357],[-84.496187264031,33.7751256110582],[-84.4961712219243,33.7769525406273],[-84.4961737948847,33.7795581994514],[-84.496117677189,33.7814480995502],[-84.4957362872998,33.7830544263207],[-84.4955501420254,33.7834348656266],[-84.495114984369,33.7843254192827],[-84.4944173649694,33.7852231962935],[-84.4930552949659,33.7868808950373],[-84.4926610942341,33.7866476513681],[-84.4922900555416,33.7864466358037],[-84.4920501191177,33.7863167278348],[-84.4913021394821,33.7860930007914],[-84.4906678431464,33.7859033220807],[-84.4901841544751,33.7857208037721],[-84.4898865831992,33.7855800499794],[-84.4895303815218,33.7853827666015],[-84.4893010822791,33.7852349621239],[-84.4890122488162,33.7850096747567],[-84.4886804970073,33.7847487715386],[-84.4884921915614,33.7845610101825],[-84.4884252963903,33.7844948839318],[-84.4880599764867,33.7840574932588],[-84.4873791105575,33.7832883867497],[-84.4869618853826,33.7828298287337],[-84.4868611370318,33.7827311542194],[-84.4866307361195,33.7825053659299],[-84.4863840376931,33.7823222180959],[-84.4861382170051,33.7821531518466],[-84.48592562177,33.7820688502973],[-84.4858473654635,33.7820443194898],[-84.4855697582377,33.7819564053639],[-84.4849117935444,33.78180729597],[-84.4833836043698,33.7815120134687],[-84.4830937402838,33.7814464564888],[-84.4827601799383,33.7813566196124],[-84.482477589569,33.7812546283984],[-84.4821800335816,33.7811100767687],[-84.4816869272099,33.7808152151501],[-84.4804311085088,33.7800691780502],[-84.4797217556545,33.7795838553107],[-84.4793942675314,33.7793507429425],[-84.4792532097678,33.7792504460513],[-84.4790429060052,33.7791132238962],[-84.4780941248439,33.7783952420468],[-84.4777509606383,33.7781473915889],[-84.4774609661506,33.7779674822136],[-84.4774046254231,33.7779325282636],[-84.4771952281772,33.7778165984573],[-84.4769339688276,33.7776928985085],[-84.4765944729565,33.7775480950686],[-84.4760316673276,33.7773073195772],[-84.4757317272374,33.7771792480239],[-84.4743119603287,33.7765723441384],[-84.4738867185972,33.7763745004829],[-84.4737614277477,33.7763088544701],[-84.4737394033507,33.7761313049159],[-84.4736662479989,33.7747666448648],[-84.4736354111453,33.7741940582093],[-84.4736178455871,33.7738828658017],[-84.4736055923242,33.7736764345199],[-84.4735231460763,33.7722430914455],[-84.473505800852,33.7717621933706],[-84.4734994624302,33.7715997191518],[-84.4734470598339,33.7709773748061],[-84.4734335655066,33.7708843120614],[-84.4734185935932,33.7708383162354],[-84.4733729898716,33.7707384618106],[-84.4733555951846,33.7707051832977],[-84.4733415162979,33.7706791101529],[-84.4732719879119,33.7705604212265],[-84.4732182354332,33.7704822305705],[-84.4731257122818,33.7703752795956],[-84.4730092779558,33.7702525841894],[-84.4726855768778,33.7699122618415],[-84.4719572744086,33.7691510873528],[-84.4717475381183,33.7689317463031],[-84.4712091661701,33.7683690009287],[-84.4709482395696,33.7680958516423],[-84.470679800932,33.7677921460907],[-84.4706128185267,33.7676937179908],[-84.4705259889832,33.7675661383666],[-84.4703752734001,33.7672851586832],[-84.4702556878497,33.7669666574853],[-84.4701574306209,33.7666305835347],[-84.4701230090696,33.7664338253608],[-84.4700827131467,33.7662044469777],[-84.4700425530214,33.7655463428895],[-84.4700413281448,33.7651986928655],[-84.4700392435162,33.7646071404072],[-84.4700414090837,33.7638207947939],[-84.4700415664651,33.7636321970683],[-84.4700420035356,33.763522609281],[-84.4700343152314,33.7634418987247],[-84.4700095892711,33.7631949619779],[-84.4697548140334,33.7616259993404],[-84.4697220220536,33.761424084454],[-84.4695768283079,33.7606040907063],[-84.4695063979019,33.7602250066788],[-84.4693621745247,33.759445889816],[-84.4693495930093,33.7593768713456],[-84.4692866980226,33.7590348708626],[-84.4692456133943,33.758813737464],[-84.4692221338943,33.7586860022573],[-84.4691911180756,33.7585208390655],[-84.4691529976127,33.7582062598111],[-84.4691072661873,33.7578326103867],[-84.4689604581586,33.7570177733516],[-84.4680997188269,33.7564492741147],[-84.4673159425766,33.755775117128],[-84.4672136581838,33.755692232011],[-84.4658889244343,33.7546191699388],[-84.4649292596775,33.7539732498656],[-84.4639701803795,33.7534932466161],[-84.4630642977791,33.7531714754833],[-84.4628436203368,33.7531008948905],[-84.4600507586356,33.7522566392325],[-84.457952863334,33.7516243564789],[-84.4564873182351,33.7511829332458],[-84.4559826627697,33.7510453306775],[-84.4553101776226,33.7508950638561],[-84.4547019418411,33.7507724700735],[-84.4544279175144,33.7507329160912],[-84.4540478199509,33.7507015099667],[-84.4538898837111,33.7506967246741],[-84.4532195713261,33.7507034354153],[-84.4530394856837,33.7507158766364],[-84.4525519712964,33.7507836513445],[-84.4519970752048,33.7508711607755],[-84.4515327183602,33.7509783851444],[-84.4507379874681,33.751168471248],[-84.449015906259,33.7514912181452],[-84.4489706955411,33.7514995665518],[-84.4478787099345,33.7515913765408],[-84.4464060179233,33.7514658986324],[-84.4460997825789,33.7513844884035],[-84.4454436839788,33.7512100828791],[-84.4448860251699,33.7509550666231],[-84.4446866859417,33.7508637935293],[-84.4442789486146,33.7506774872763],[-84.4441388225486,33.750583674497],[-84.4433508194847,33.7500553740563],[-84.4426608443225,33.7495711664762],[-84.4421908739097,33.7492104771818],[-84.4412451711277,33.7484839553703],[-84.4402285568024,33.7479963969162],[-84.4402328798435,33.7475033606916],[-84.4402735939512,33.7458206544997],[-84.440257907976,33.7439889810067],[-84.4466853122773,33.7440001703716],[-84.4468178093944,33.7388461530276],[-84.4468007771341,33.7387076511372],[-84.4466984252921,33.738435440743],[-84.446877431748,33.7373398560496],[-84.4469241901992,33.737051182666],[-84.4469886760865,33.7366504798358],[-84.4470508776958,33.7363057759908],[-84.4472140443926,33.7353995120779],[-84.4473222885927,33.7348004898508],[-84.4473625935088,33.7345509945328],[-84.4474996456921,33.7337083432655],[-84.4481394269929,33.733709978233],[-84.4482438724567,33.7337124882408],[-84.4484116409844,33.7337162276219],[-84.4489790835178,33.7337259250115],[-84.4491229993269,33.7337283441878],[-84.4495357971393,33.7337239635901],[-84.449899198789,33.7337025192559],[-84.4505518889584,33.7336285347291],[-84.4506785126032,33.7336237782148],[-84.4507541590771,33.7336211989592],[-84.4509441048865,33.7336173264785],[-84.451998120217,33.7336901463832],[-84.4530953182943,33.73391662805],[-84.4539043807825,33.7340464352948],[-84.4562461983033,33.7334970412555],[-84.4570275230017,33.7335295589421],[-84.4570810380594,33.7311075344852],[-84.4570120654544,33.7269051554486],[-84.4622677718402,33.726915589383],[-84.4635560021078,33.7269182252959],[-84.4638167020791,33.72700920611],[-84.464789495139,33.7269438811553],[-84.4663245056714,33.7269745192587],[-84.4661993749012,33.726459525187],[-84.465716532492,33.7246179717421],[-84.4651650331397,33.7227838143216],[-84.4642072983281,33.7225927164807],[-84.4637662797899,33.7225044597131],[-84.4635079468342,33.7224597346291],[-84.4634207386761,33.7224444848252],[-84.4640578795675,33.7221815248575],[-84.4642081643752,33.7221289459941],[-84.4643305288308,33.7220863972695],[-84.4648979767602,33.7218813131721],[-84.4657199903852,33.7215845746684],[-84.4658965264035,33.7215147531034],[-84.4664893523017,33.7212804014694],[-84.4667619700888,33.7211777096836],[-84.4669311397603,33.721118554078],[-84.4672219957984,33.7210587590545],[-84.4678990054347,33.7209172929987],[-84.468539070022,33.7207920588065],[-84.4692103311918,33.7206536900158],[-84.4692242895693,33.7192420808574],[-84.4692260072744,33.7190284001406],[-84.4692414261509,33.7180331483112],[-84.469242557498,33.7176525129532],[-84.469242213957,33.71755460646],[-84.4692475460374,33.7171997249874],[-84.4692183927146,33.7168576372702],[-84.469174936574,33.7166571208295],[-84.4690434377044,33.7162022626244],[-84.4689812387931,33.7160491989114],[-84.4689148985037,33.7158872139238],[-84.4688759200876,33.7157911204639],[-84.4687614408878,33.7154997410203],[-84.4687589353765,33.7154884104618],[-84.4687186295611,33.7152480360681],[-84.4687092793097,33.7151604582886],[-84.4686880355244,33.7149633232988],[-84.4686695193828,33.7146060945956],[-84.4686606205912,33.7144127070808],[-84.4686501165097,33.7142303164759],[-84.4686073294646,33.7135155308171],[-84.4685968163899,33.7133303918841],[-84.4686210018577,33.7131939503406],[-84.4686649733098,33.7130725760386],[-84.4686698854068,33.7130667232507],[-84.4687435425804,33.712971040781],[-84.4687501004368,33.7129655288362],[-84.4689066930894,33.7128414736551],[-84.4694420586041,33.7124172742379],[-84.4696404778257,33.7122642590883],[-84.4696511365906,33.7122559880235],[-84.4697560658897,33.7121698473606],[-84.4697954067326,33.7121353979303],[-84.4699289785395,33.712011741149],[-84.4699388009349,33.7119993502898],[-84.4699787191425,33.7119475106691],[-84.4723777848069,33.7122851278564],[-84.4723841690941,33.7121534248407],[-84.4745431562416,33.7124057125536],[-84.4745615833504,33.7124496219525],[-84.475400912522,33.7124313810035],[-84.4754206436477,33.7124313315408],[-84.4759697912728,33.7124213688512],[-84.4761613639557,33.7124256990868],[-84.4761819170618,33.7124256469261],[-84.4768083092561,33.7124058690357],[-84.4768225095511,33.712925598038],[-84.4794631466069,33.7129082896859],[-84.4797877560001,33.7130981284759],[-84.4797881615943,33.7132097757107],[-84.4797952194738,33.7133423609612],[-84.4799097859079,33.7134217692993],[-84.4799733787684,33.7135009644979],[-84.4799292157606,33.7135649737446],[-84.4799723301589,33.713665176207],[-84.4800632093496,33.7137872429869],[-84.4803117360977,33.7138529132814],[-84.4806168167127,33.7138710328219],[-84.4807079737939,33.7140690194697],[-84.4807989240311,33.7142103236476],[-84.4809570833027,33.714294773585],[-84.4812509340833,33.7143888408723],[-84.4812178786022,33.7145679057843],[-84.4812084312241,33.7149080266842],[-84.4811638671187,33.7150874639154],[-84.481209740637,33.7152670144612],[-84.4813340898963,33.7153230368287],[-84.4816735057277,33.7155107712052],[-84.481786623354,33.7156427431182],[-84.4818888816665,33.7157276777901],[-84.48205831394,33.7157457964314],[-84.4821825642739,33.7157743364165],[-84.4822397062974,33.7158872121252],[-84.4823383331475,33.7161030413224],[-84.4827268456673,33.7162257205406],[-84.4830441040021,33.716423125327],[-84.4832502241185,33.7165806217983],[-84.4834287467392,33.7166110827353],[-84.4835868790312,33.7166862543672],[-84.4836277082521,33.7170578506393],[-84.483718568557,33.7171720150765],[-84.4838359300841,33.7173386693441],[-84.4839807784901,33.7176017875925],[-84.4842696461272,33.7176783396837],[-84.4843134799831,33.7177486504799],[-84.4845001072941,33.7177464525368],[-84.4848258786114,33.7177971437233],[-84.4850163037594,33.717710426595],[-84.4853091428026,33.7175265682965],[-84.485442763173,33.7171971205507],[-84.485669971492,33.7170525932027],[-84.4855707070225,33.7166670637341],[-84.4855972622038,33.7165110304597],[-84.4857996726167,33.7163311849363],[-84.4859583085291,33.7163197815327],[-84.4861611784955,33.7162642915638],[-84.4863854352396,33.7159899156022],[-84.4867042835758,33.7157276616023],[-84.486746018414,33.715453415143],[-84.4870631418505,33.7151698660965],[-84.4874554845829,33.7149957078856],[-84.4877365065345,33.7149540971539],[-84.4879075252121,33.7149570873997],[-84.488088583921,33.7150064287038],[-84.4882616134826,33.7148871165472],[-84.4883697587573,33.7147854931561],[-84.4884609706972,33.7145526838593],[-84.4886193763831,33.7144801292546],[-84.4887855000508,33.7144934374223],[-84.4890395414416,33.7144927746219],[-84.4891781233717,33.714395879866],[-84.4893391901514,33.7143762215854],[-84.4894551118639,33.7143759194132],[-84.4896405277881,33.7144912044056],[-84.4898021008862,33.7146065523506],[-84.4900563617117,33.7146639434862],[-84.4902423559,33.7149334730015],[-84.4906134089816,33.7152220978216],[-84.4908916340416,33.715530203756],[-84.491053718854,33.7157805570271],[-84.4914479438675,33.7161075936905],[-84.4918412066064,33.7163965008979],[-84.4923739443021,33.7166070564705],[-84.4930209678433,33.7168179951544],[-84.4937369990632,33.716796862885],[-84.494198393541,33.7166214690056],[-84.4946833232767,33.7165817063807],[-84.4950760949857,33.7165226065331],[-84.4953517659712,33.7161553243088],[-84.4958121864832,33.7159417955775],[-84.4960894105978,33.7157672290744],[-84.4964415833124,33.7156271587664],[-84.4967120139482,33.7156113208059],[-84.4969271596606,33.7155434138975],[-84.4971738401006,33.7155520294027],[-84.4973114336757,33.7156282685298],[-84.4973961435172,33.7158499640047],[-84.4975683097297,33.715937102915],[-84.4977545260505,33.71604309881],[-84.4978914550266,33.7161602202181],[-84.4979297859309,33.7162934080144],[-84.4982629388835,33.7165529118874],[-84.4983194324957,33.716705287619],[-84.4985055094217,33.7167745246247],[-84.4988418855446,33.7168024773525],[-84.49923584256,33.7172644986578],[-84.4994210534388,33.717321712627],[-84.5000226558209,33.7174746810118],[-84.500993787833,33.7177228336419],[-84.5014098834593,33.7179535915851],[-84.5016420380496,33.7182422155059],[-84.5018690107462,33.7182549975701],[-84.5020128294285,33.7191101395214]]]}},{"type":"Feature","properties":{"NPU":"J","OBJECTID_1":9,"OBJECTID":9,"GlobalID":"{85DF9340-1789-462F-A02C-54BEB886657A}","NPU_1":null,"scenario":"ssp126","year":2025,"MEAN_FL_depth10":0.49,"MEAN_FL_depth20":0.49,"MEAN_FL_depth50":0.49,"MEAN_FL_depth100":0.49,"MEAN_FL_depth200":0.49,"MEAN_FL_depth500":0.5,"MEAN_DT_monthsExtreme3moSPEI":0.19,"MEAN_DT_totalWaterStress":0.29,"MEAN_HT_daysExceeding35C":21.31,"HT_waveMax35CMin24C_mean":0.21,"Shape__Area":0.0011189185981947958,"Shape__Length":0.17231792677722668},"geometry":{"type":"Polygon","coordinates":[[[-84.4442934807595,33.7527811283464],[-84.4441757424165,33.7524890492303],[-84.4441550121441,33.7524368786591],[-84.4441476179182,33.7521840567489],[-84.4441439495836,33.7510452605304],[-84.4441430835365,33.7507766213441],[-84.4441334140258,33.7505832356279],[-84.4442735400918,33.7506770475078],[-84.444681277419,33.7508633537608],[-84.4448806157478,33.7509546277539],[-84.4454382736574,33.7512096440099],[-84.4460943740561,33.7513840477357],[-84.4464006085012,33.7514654588639],[-84.4478733005124,33.7515909367723],[-84.448965286119,33.7514991267833],[-84.4490104968369,33.7514907792761],[-84.450732578046,33.7511680314795],[-84.4515273089381,33.750977945376],[-84.4519916648834,33.7508707219063],[-84.452546560975,33.7507832124753],[-84.4530340762616,33.7507154377673],[-84.4532141628033,33.7507029956468],[-84.453884474289,33.750696285805],[-84.4540424096294,33.7507010710976],[-84.4544225080923,33.7507324772221],[-84.4546965315197,33.7507720312043],[-84.4553047682004,33.750894624987],[-84.4559772533475,33.7510448918084],[-84.456481908813,33.7511824943767],[-84.4579474530125,33.7516239176098],[-84.4600453492134,33.7522561994641],[-84.4628382109146,33.7531004560213],[-84.463058888357,33.7531710366141],[-84.4639647709574,33.7534928077469],[-84.4649238484568,33.7539728109965],[-84.4658835150122,33.7546187319689],[-84.4672082487616,33.7556917940411],[-84.4673105331545,33.7557746791582],[-84.4680943094048,33.7564488361449],[-84.4689550478371,33.7570173344824],[-84.4691018567652,33.7578321724169],[-84.4691475872913,33.758205820942],[-84.4691857077541,33.7585204010957],[-84.4692167235729,33.7586855633881],[-84.4692402039722,33.7588132985949],[-84.4692812868019,33.7590344310942],[-84.4693441835872,33.7593764333757],[-84.4693567642033,33.7594454518462],[-84.4695009875805,33.7602245678096],[-84.4695714179865,33.7606036527364],[-84.4697166117322,33.7614236455848],[-84.469749403712,33.7616255604713],[-84.470004179849,33.7631945240082],[-84.47002890491,33.7634414607548],[-84.4700365932142,33.7635221704119],[-84.470036157043,33.7636317581992],[-84.4700359987623,33.7638203568241],[-84.4700338331948,33.7646067015381],[-84.4700359178233,33.7651982548956],[-84.4700371426999,33.7655459040203],[-84.4700773028252,33.7662040081086],[-84.4701175987481,33.766433387391],[-84.4701520202995,33.7666301446655],[-84.4702502775282,33.7669662186162],[-84.4703698630787,33.7672847207133],[-84.4705205786618,33.7675656994975],[-84.4706074082053,33.7676932800209],[-84.4706743906106,33.7677917072216],[-84.4709428274495,33.7680954136724],[-84.4712037558486,33.7683685629589],[-84.4717421277969,33.7689313083333],[-84.4719518631879,33.769150649383],[-84.4726801665564,33.7699118247709],[-84.4730038676344,33.7702521462196],[-84.4731203019603,33.7703748407264],[-84.4732128242125,33.7704817926007],[-84.4732665775904,33.7705599832566],[-84.4733361059765,33.7706786712837],[-84.4733501839638,33.7707047444285],[-84.4733675795501,33.7707380238408],[-84.4734131823724,33.7708378782655],[-84.4734281551852,33.7708838740916],[-84.4734416495125,33.7709769368362],[-84.4734940521088,33.7715992811819],[-84.4735003896312,33.7717617554007],[-84.4735177357549,33.7722426534758],[-84.4736001802041,33.7736759956507],[-84.4736124343663,33.7738824260332],[-84.4736299990252,33.7741936202394],[-84.4736608367782,33.774766206895],[-84.47373399213,33.7761308660467],[-84.4737560174262,33.7763084165003],[-84.4737992415417,33.7766628312247],[-84.4738710290247,33.776951903008],[-84.4738843677693,33.7770006507595],[-84.4739425260267,33.777159217424],[-84.4740386050975,33.777338642964],[-84.4742347247527,33.7776542015802],[-84.4742129476693,33.7778034674561],[-84.4741979991383,33.7780594900535],[-84.4742843205649,33.7783509774158],[-84.4743470257945,33.7784590111745],[-84.4745101331361,33.7786681368251],[-84.4747976850651,33.7789836297907],[-84.475016850747,33.7793942683309],[-84.475137320331,33.7797813401368],[-84.4751626227568,33.7799713488987],[-84.4715242481455,33.7799494558028],[-84.4686893961986,33.7800069863334],[-84.4684515929666,33.7800010418147],[-84.465899116451,33.7799361467358],[-84.4650211047402,33.7799046066124],[-84.464009947501,33.7799139181928],[-84.4638634830133,33.7799111788578],[-84.4631830037926,33.7798983878004],[-84.4625123991279,33.779885912405],[-84.4623346670112,33.7798822161914],[-84.4622491270955,33.7798906662213],[-84.4621594736807,33.7798991252445],[-84.4620138446631,33.7798994741814],[-84.4586774102343,33.7798758094211],[-84.4577903711287,33.7798500798174],[-84.4565348168283,33.7798499431204],[-84.4565367809477,33.7799444088075],[-84.4565426292389,33.7819248400594],[-84.4571622243571,33.7821775945204],[-84.4581476241135,33.7825713599804],[-84.4580038557933,33.7826373135612],[-84.45737292562,33.7829277091465],[-84.4573031031557,33.7829618824849],[-84.4570971305281,33.7831252011671],[-84.4570117398998,33.7831786487757],[-84.4570200721186,33.7832095467832],[-84.4570259500875,33.7832445726789],[-84.4570318613313,33.7832895612643],[-84.4569770143777,33.7838609788012],[-84.4569284536852,33.7841005330133],[-84.4565718509102,33.7857135525385],[-84.4564822937228,33.7859968299898],[-84.4558075494788,33.7859908548941],[-84.4551377443114,33.7859852089503],[-84.455021691298,33.7859751743149],[-84.4538305464425,33.7855773969794],[-84.4526312663198,33.7871848056343],[-84.4517399311529,33.7868780360926],[-84.4507435138021,33.7866422689256],[-84.4506537767504,33.7861292425706],[-84.4503885208135,33.7857880424842],[-84.4503874722041,33.7854702805291],[-84.4505036843975,33.7850299526702],[-84.450456609385,33.783979549017],[-84.4505143854305,33.7837839482706],[-84.4507480212042,33.7837710429993],[-84.4509091293528,33.7837218914522],[-84.4510106727043,33.7835749710081],[-84.4508343660132,33.7832576119493],[-84.4503506971269,33.7830512337275],[-84.4500142139847,33.7830643746212],[-84.4487575130487,33.7834822365161],[-84.4485230543954,33.7834951390894],[-84.4473823048494,33.7836444265491],[-84.4471622173624,33.7835229740061],[-84.4467966141723,33.7834382650639],[-84.4464892429841,33.7835488924675],[-84.4462412324469,33.783695797623],[-84.4458911920249,33.7838432774453],[-84.4456272688833,33.7839050221991],[-84.445525201227,33.783892885848],[-84.4454079287329,33.7837591746463],[-84.445274784104,33.7835516407956],[-84.4451429758676,33.7835028139038],[-84.4450110111492,33.7834055486272],[-84.4449518807247,33.783185823567],[-84.4450240818958,33.7828678961366],[-84.4448900640252,33.782135107849],[-84.4447143760676,33.7820011835079],[-84.4444644391825,33.7818062788368],[-84.4443610729052,33.7813911841559],[-84.4444182275191,33.7809997758191],[-84.4442704329341,33.7805847809629],[-84.4439627892513,33.7803532478042],[-84.4437133290069,33.7800487535472],[-84.4433173772951,33.7797318774242],[-84.4430966782691,33.7794146073983],[-84.4430376341795,33.7792192710526],[-84.4429554082654,33.7789789856917],[-84.4429118693872,33.7784878353454],[-84.4425708329775,33.7783587439609],[-84.4421045740668,33.7781787464521],[-84.4416083713292,33.7781540879408],[-84.4410527800617,33.778438758442],[-84.4399126915175,33.7784295826592],[-84.4398915664426,33.7797389775718],[-84.436646155096,33.7797438518973],[-84.4367728812634,33.7851640919494],[-84.4325558369823,33.7851446225264],[-84.432312132399,33.785142046868],[-84.4322447039299,33.7844417960521],[-84.4321003303659,33.7838729092074],[-84.4318930114533,33.7832718626064],[-84.4316715138293,33.7827758046597],[-84.4315423666868,33.7823115107677],[-84.4312266731724,33.7818611338843],[-84.4309994378737,33.7815466040926],[-84.4307220159083,33.7812321813201],[-84.4303307298792,33.7808132258497],[-84.4298520729148,33.7803418947627],[-84.429259988058,33.7796855677348],[-84.4288333388874,33.7791769057896],[-84.4277117907665,33.7778738708825],[-84.427266018412,33.7773349728308],[-84.4270378909858,33.7767164128322],[-84.4268094164214,33.7759820858047],[-84.4266569534556,33.7753527159551],[-84.4265669241242,33.7746916117285],[-84.4263100264865,33.7718954764951],[-84.4263650847808,33.7718747489206],[-84.42641932739,33.7718564279319],[-84.4265623420784,33.7718118107665],[-84.4266462110538,33.7717965195937],[-84.4267860646252,33.771794506911],[-84.4268214394579,33.7717940887263],[-84.4268518833077,33.7717953990385],[-84.4277298131803,33.7718320203315],[-84.4281132427319,33.7718490723768],[-84.4291261212734,33.7718936418781],[-84.4295325905566,33.7719116714865],[-84.4296815191867,33.7719182248463],[-84.4298929992624,33.7719335762736],[-84.4299851527925,33.7719368147323],[-84.430152144306,33.7719316490264],[-84.4303577931776,33.7719233087138],[-84.4304795245104,33.7719141167431],[-84.4307254198422,33.7718840470112],[-84.4311925160218,33.7718198372158],[-84.431322447373,33.7718020387331],[-84.4315485423313,33.7717541462369],[-84.4319292010717,33.7716729428521],[-84.4323970131117,33.7715747170996],[-84.4326346391772,33.7715316080973],[-84.4337462974536,33.7713292732274],[-84.4339338069996,33.7713085987129],[-84.4339403720505,33.771038570074],[-84.4339737872604,33.7698773663474],[-84.4339759923981,33.7697925099164],[-84.4339711297638,33.7695513630051],[-84.4339669209366,33.7695204542056],[-84.4339536163662,33.7694747929274],[-84.4339329031809,33.7694277745722],[-84.4339122340623,33.7693948404996],[-84.433446392437,33.7687970755247],[-84.4331349841921,33.7683896340744],[-84.4331242480856,33.7683762602563],[-84.4329536655792,33.7680162652385],[-84.4329171567014,33.7679153460165],[-84.4327644760996,33.7674910719555],[-84.4327196889624,33.7673733381091],[-84.4325728881282,33.7669882133354],[-84.4325512981039,33.7669229891047],[-84.4325263850845,33.7668474667373],[-84.4325114374528,33.766802151698],[-84.4324505299679,33.7665253988282],[-84.4323761380483,33.7661442400647],[-84.4323628451691,33.7661020141966],[-84.4323421733526,33.7660677059599],[-84.4323231787716,33.7660437003565],[-84.4322975831669,33.7660135245046],[-84.4322921242821,33.7658438314277],[-84.4322748240239,33.7653024656364],[-84.4322711556893,33.7651801767238],[-84.4322726575571,33.7648668736074],[-84.4322885818526,33.7646957614003],[-84.4322957485499,33.7646187956209],[-84.4322997388418,33.7645789376679],[-84.4323265467327,33.7644692932233],[-84.432343601476,33.7643978025166],[-84.4324156047963,33.7642722589576],[-84.4324975735042,33.7641769245255],[-84.4326065938192,33.7640513009268],[-84.4326672656817,33.7639852124477],[-84.4327123549912,33.7639353036714],[-84.4327533334995,33.76388574653],[-84.4327893945149,33.7638423848182],[-84.4328533138294,33.7637632345857],[-84.4328729712106,33.7637353663941],[-84.4329278127683,33.763646960339],[-84.4329703138289,33.7635578941815],[-84.4335519215839,33.763562821567],[-84.4337773204669,33.7635630212165],[-84.4340422049837,33.7635634780721],[-84.4344839528721,33.7635638944582],[-84.4347726937048,33.7635642982538],[-84.4356265775045,33.7635655321237],[-84.4363044280069,33.7635695502946],[-84.4364854084748,33.7635705287569],[-84.437567175085,33.7635774346509],[-84.4377078389456,33.7635760955604],[-84.4377422299199,33.7622190752502],[-84.4377801588273,33.7606799763998],[-84.4377895513467,33.760266688457],[-84.4378226931627,33.7587746628205],[-84.4378299533896,33.7584682170346],[-84.437849390437,33.7575877061078],[-84.4378529625441,33.7574159328991],[-84.4378702484132,33.7566360803909],[-84.4378977236011,33.7554353802387],[-84.4378999377319,33.7550935632174],[-84.4422479925508,33.7543799925427],[-84.4443789379376,33.7537754583707],[-84.4444215145412,33.753460001378],[-84.4443869895679,33.7532113622146],[-84.4442934807595,33.7527811283464]]]}},{"type":"Feature","properties":{"NPU":"K","OBJECTID_1":10,"OBJECTID":10,"GlobalID":"{A4779344-93DB-428E-992D-0BF020EC2FC7}","NPU_1":null,"scenario":"ssp126","year":2025,"MEAN_FL_depth10":0.12,"MEAN_FL_depth20":0.15,"MEAN_FL_depth50":0.19,"MEAN_FL_depth100":0.22,"MEAN_FL_depth200":0.26,"MEAN_FL_depth500":0.31,"MEAN_DT_monthsExtreme3moSPEI":0.19,"MEAN_DT_totalWaterStress":0.29,"MEAN_HT_daysExceeding35C":22.45,"HT_waveMax35CMin24C_mean":0.22,"Shape__Area":0.0006020261314461095,"Shape__Length":0.13381149323443328},"geometry":{"type":"Polygon","coordinates":[[[-84.4180291824008,33.7845934999901],[-84.4173093488473,33.7839222675986],[-84.4173129074647,33.7824722888651],[-84.4173173420217,33.7811703043661],[-84.4173246319262,33.7802832967368],[-84.4173263514299,33.7800263325493],[-84.4173294172188,33.7796659634135],[-84.4173420688813,33.7775130376966],[-84.4173433099457,33.7768091428277],[-84.4173514434144,33.7762120721295],[-84.4173540487503,33.7759767483283],[-84.4173562772704,33.7756119149579],[-84.4173590597728,33.7751550143925],[-84.4173617064775,33.774651394946],[-84.4173618386779,33.7741316335681],[-84.4173620581125,33.7739244846273],[-84.4173718247499,33.7730409070123],[-84.4173808989093,33.7722019879315],[-84.4173860924942,33.7717255010311],[-84.4173892437186,33.7713950190649],[-84.4173710621248,33.7705193977521],[-84.4173924848752,33.7702483088124],[-84.4174034278259,33.7700507565372],[-84.4174149706243,33.7689297938749],[-84.417424059173,33.7680960288087],[-84.4174326998591,33.7671083609621],[-84.4174357287758,33.766736312331],[-84.4174399205159,33.7664807169116],[-84.4174413900081,33.7664202527925],[-84.4174449072567,33.766215844086],[-84.417479108474,33.7652483938983],[-84.4174553043188,33.7649839239689],[-84.4174601912348,33.764402316214],[-84.4174615213321,33.7642941016915],[-84.4174706782292,33.7634840382578],[-84.4174765678893,33.7629642651887],[-84.4174837903446,33.7626196890475],[-84.4174909444515,33.7622517539153],[-84.4174981246387,33.7618927499505],[-84.4175078786856,33.7607230080604],[-84.4175119508158,33.7604265330581],[-84.4175191274057,33.7597837723033],[-84.4175277743872,33.7590812354107],[-84.4175310991808,33.7588108695261],[-84.4175383000525,33.7581766972968],[-84.417542928863,33.757788841282],[-84.4175468696922,33.7574477068462],[-84.4175468526051,33.7574418675482],[-84.4175494174716,33.7566280368545],[-84.4175516765686,33.7562738523565],[-84.4175511648543,33.7560983091897],[-84.4175554033591,33.7555768211134],[-84.4175620088795,33.7547382482716],[-84.4180226407323,33.7547421207523],[-84.4186510716896,33.7547470229568],[-84.4186954910041,33.7547476192073],[-84.4198520236519,33.7547638034068],[-84.4199392156223,33.7547649986059],[-84.4204039681686,33.7547716023277],[-84.4212141997755,33.754782645103],[-84.4213334831537,33.7547878953451],[-84.421982550854,33.7548171287076],[-84.4226849123788,33.7547885347631],[-84.4232685876751,33.7546791115518],[-84.4239143323805,33.7544221797398],[-84.4240671415853,33.7543613999587],[-84.4244654405276,33.7541510152572],[-84.4248555232638,33.7539444247954],[-84.4254707521735,33.7536635026686],[-84.4258381198333,33.7535634512923],[-84.426350756782,33.751721391529],[-84.4265286049111,33.7512376686835],[-84.4267475034944,33.7507304996129],[-84.4269397443737,33.7503841590018],[-84.427173250645,33.7500847944777],[-84.4275575318546,33.7496002910207],[-84.4278321200563,33.7492888153266],[-84.4283956586327,33.748792592804],[-84.4308506648263,33.7466162469423],[-84.4311701103123,33.7467244623641],[-84.432637232822,33.7469439185271],[-84.4335740835771,33.7469656011816],[-84.4347164087353,33.746942170245],[-84.435088964584,33.7469358650981],[-84.4359344990779,33.7469501697146],[-84.4362642840694,33.7469432665186],[-84.4369768448055,33.7470420192738],[-84.4378794511757,33.7471578708391],[-84.4383963769912,33.7472907114972],[-84.4388913008928,33.7474878383931],[-84.4397212042701,33.7477584264103],[-84.4412434534226,33.7484884888527],[-84.4421891562046,33.7492150115636],[-84.4426591275167,33.7495756999587],[-84.4433491026789,33.7500599084381],[-84.4441371048435,33.7505882079795],[-84.4441467752534,33.7507815936956],[-84.4441476404012,33.751050232882],[-84.4441513087359,33.7521890291005],[-84.4441587029617,33.7524418510106],[-84.4441794341336,33.7524940215819],[-84.4442971733758,33.7527861015973],[-84.4443906821842,33.7532163354655],[-84.4444252071576,33.7534649737296],[-84.4443826305539,33.7537804307224],[-84.4422420462334,33.754384986478],[-84.4379036294489,33.755098535569],[-84.4379014162174,33.7554403534896],[-84.4378739401302,33.7566410527425],[-84.4378566542612,33.7574209061499],[-84.4378530830533,33.7575926784594],[-84.4378336460059,33.7584731902855],[-84.4378263848797,33.7587796351721],[-84.437793243963,33.7602716608085],[-84.4377838505442,33.7606849487514],[-84.4377459207376,33.7622240485011],[-84.4377115297632,33.7635810688113],[-84.437570866802,33.7635824079019],[-84.4364891001918,33.7635755020079],[-84.4363081206232,33.7635745235455],[-84.4356302683222,33.7635705062739],[-84.4347763863211,33.763569272404],[-84.4344876445891,33.7635688686084],[-84.4340458976001,33.7635684522223],[-84.4337810112846,33.7635679944675],[-84.4335556133009,33.7635677957172],[-84.4329740064452,33.7635628683317],[-84.4329315044853,33.7636519335899],[-84.4328766620283,33.763740339645],[-84.4328570055463,33.7637682078366],[-84.4327930853326,33.7638473571698],[-84.4327570243172,33.7638907197809],[-84.4327160467082,33.763940276023],[-84.4326709564994,33.7639901856986],[-84.4326102864355,33.7640562741778],[-84.4325012652212,33.7641818977764],[-84.4324192974126,33.7642772322085],[-84.4323472922937,33.7644027748682],[-84.4323302384497,33.7644742664743],[-84.4323034296595,33.7645839109188],[-84.4322994393676,33.7646237688719],[-84.4322922735695,33.7647007346512],[-84.4322763483747,33.7648718468583],[-84.4322748474062,33.7651851499747],[-84.4322785148415,33.7653074379879],[-84.4322958150997,33.7658488055779],[-84.4323012748839,33.7660184968562],[-84.4323268695893,33.7660486727081],[-84.4323458641703,33.7660726792108],[-84.4323665368861,33.7661069874476],[-84.432379828866,33.7661492124163],[-84.432454221685,33.7665303711797],[-84.4325151300691,33.7668071258482],[-84.4325300777009,33.7668524390888],[-84.4325549898209,33.7669279623556],[-84.4325765807446,33.7669931865863],[-84.4327233797801,33.7673783104607],[-84.4327681669174,33.7674960452064],[-84.4329208484184,33.7679203192674],[-84.4329573581955,33.7680212375901],[-84.4331279407019,33.7683812326079],[-84.4331386768084,33.7683946073253],[-84.433450084154,33.7688020478762],[-84.4339159257793,33.7693998137505],[-84.4339365948979,33.7694327478231],[-84.433957307184,33.7694797661783],[-84.4339706117543,33.7695254274566],[-84.4339748214808,33.7695563353566],[-84.4339796841151,33.769797482268],[-84.4339774789775,33.7698823395983],[-84.4339440637675,33.7710435433249],[-84.4339374987165,33.7713135719638],[-84.4337499882713,33.7713342464783],[-84.4326383317936,33.7715365804489],[-84.4324007048286,33.7715796903505],[-84.431932893688,33.771677916103],[-84.4315522349477,33.7717591194879],[-84.43132613909,33.7718070119841],[-84.4311962077388,33.7718248104667],[-84.4307291115592,33.7718890202621],[-84.4304832171267,33.7719190890948],[-84.4303614857939,33.7719282810654],[-84.430155836023,33.771936621378],[-84.4299888436102,33.7719417870838],[-84.4298966918788,33.7719385486251],[-84.4296852100044,33.7719231971979],[-84.4295362822735,33.7719166438381],[-84.4291298129904,33.771898615129],[-84.4281169353483,33.7718540447285],[-84.4277335057966,33.7718369926831],[-84.4268555741254,33.7718003713901],[-84.4268251302755,33.7717990619772],[-84.4267897563421,33.7717994801619],[-84.4266499036701,33.7718014919453],[-84.4265660346947,33.7718167840174],[-84.426423019107,33.7718614002835],[-84.4263687764978,33.7718797212722],[-84.4263137182035,33.7719004488467],[-84.4265706167405,33.7746965849794],[-84.4266606451726,33.7753576901054],[-84.4268131072391,33.7759870581563],[-84.4270415827028,33.7767213869825],[-84.4272697110283,33.7773399451823],[-84.4277154824835,33.7778788441334],[-84.4288370306044,33.7791818790406],[-84.4292636806743,33.7796905400864],[-84.4298557655311,33.7803468680136],[-84.4303344224955,33.7808181991007],[-84.4307257076252,33.7812371554704],[-84.4310031313894,33.7815515764441],[-84.4312303657887,33.7818661062358],[-84.4315460602025,33.7823164831192],[-84.4316752073449,33.7827807770113],[-84.4318967031703,33.7832768358574],[-84.4321040229822,33.7838778833577],[-84.4322483965462,33.7844467702024],[-84.4323158259146,33.7851470201189],[-84.432739269002,33.7876863683313],[-84.4318283978623,33.7874272475695],[-84.4310223481028,33.7872706090514],[-84.4303201736371,33.7871769545529],[-84.4287967841443,33.787077828579],[-84.4276971812799,33.786985002356],[-84.4267834862688,33.786873222921],[-84.4241610433974,33.7865819927648],[-84.4222791157885,33.7861557869601],[-84.4190037956886,33.7852885320402],[-84.4186730906906,33.7850322477401],[-84.4180291824008,33.7845934999901]]]}},{"type":"Feature","properties":{"NPU":"L","OBJECTID_1":11,"OBJECTID":11,"GlobalID":"{B0EFEE93-87FB-4724-88C3-97D5B40A0209}","NPU_1":null,"scenario":"ssp126","year":2025,"MEAN_FL_depth10":0.06,"MEAN_FL_depth20":0.08,"MEAN_FL_depth50":0.1,"MEAN_FL_depth100":0.11,"MEAN_FL_depth200":0.13,"MEAN_FL_depth500":0.16,"MEAN_DT_monthsExtreme3moSPEI":0.19,"MEAN_DT_totalWaterStress":0.29,"MEAN_HT_daysExceeding35C":23.96,"HT_waveMax35CMin24C_mean":0.23,"Shape__Area":0.0003333412932988722,"Shape__Length":0.08597718204561915},"geometry":{"type":"Polygon","coordinates":[[[-84.4081077617637,33.7742313306115],[-84.4069183175263,33.7728771512596],[-84.4059134411523,33.7722441994104],[-84.4050678428067,33.7719283826888],[-84.4042755077085,33.7717800026451],[-84.4033356163456,33.7717288995691],[-84.4022370539968,33.7715722754402],[-84.4011590843243,33.7712216027948],[-84.4004422302247,33.7708162837445],[-84.4002538339473,33.7706819708963],[-84.401178301937,33.7702937461595],[-84.4016492777919,33.770164026149],[-84.4016558257557,33.7699589321591],[-84.4016781325398,33.768185585996],[-84.4016971909725,33.7667289810577],[-84.4016954750661,33.7664019425956],[-84.4016927528182,33.7660072328476],[-84.4016916556454,33.7659069233659],[-84.401685491692,33.7654569098086],[-84.4016773753106,33.7648945655318],[-84.4022499871472,33.7649161474623],[-84.4027715417732,33.7649178993416],[-84.4036237978,33.7649203877658],[-84.4039265284865,33.7649211809678],[-84.4037103368625,33.764680781393],[-84.4036327091821,33.7645716873336],[-84.403408912891,33.7642577870673],[-84.4033567953798,33.7641513918733],[-84.403152087199,33.7638975717156],[-84.4029237736132,33.7634352734192],[-84.4028369161907,33.7632592077463],[-84.4028326848805,33.7632162750111],[-84.402727497476,33.7623552442992],[-84.402727841017,33.7621803873151],[-84.4027176885704,33.7620776910327],[-84.4027151920524,33.76116699616],[-84.4027146335735,33.7609632826295],[-84.4027143170121,33.7608478573428],[-84.4027165086599,33.7607471989242],[-84.4027244352844,33.7600377921105],[-84.4027485272227,33.7592239227459],[-84.4027550194286,33.7588917149807],[-84.4027645594368,33.7581709686154],[-84.4027659228091,33.7580682507492],[-84.4027740158081,33.757419649797],[-84.4027790942798,33.7568717072635],[-84.4027947487786,33.7565813944159],[-84.4027841898384,33.7563302929087],[-84.4027984998509,33.7546493673744],[-84.4041854154245,33.7546927398781],[-84.4048804294882,33.754682468721],[-84.4054734874115,33.754686132559],[-84.4065279964698,33.7546926769256],[-84.4073842715669,33.7546978813022],[-84.4075800341912,33.7546978426314],[-84.4078588752868,33.7546979856236],[-84.4100739648416,33.7546984469758],[-84.4117930656974,33.754698824691],[-84.4127710613354,33.7546989398043],[-84.4134554112382,33.7546992914392],[-84.4135532952483,33.7547001260101],[-84.4139111076115,33.754703189101],[-84.4142294352402,33.7547056424515],[-84.4143840772633,33.7547070498905],[-84.4146843087338,33.7547095392139],[-84.4150873614925,33.7547128505177],[-84.4175583189612,33.7547332750207],[-84.4175517134408,33.7555718478625],[-84.417547474936,33.7560933359388],[-84.4175479857509,33.7562688791056],[-84.4175457275533,33.7566230636036],[-84.4175431626868,33.7574368942973],[-84.4175431797739,33.7574427335953],[-84.4175392380454,33.7577838671318],[-84.4175346101341,33.7581717231466],[-84.4175274092625,33.7588058962751],[-84.4175240835696,33.7590762612605],[-84.4175154365881,33.7597787990524],[-84.4175082608975,33.7604215589079],[-84.4175041887673,33.7607180348095],[-84.417494433821,33.7618877766996],[-84.4174872527345,33.7622467797651],[-84.4174800986276,33.7626147157965],[-84.4174728761723,33.7629592919378],[-84.4174669865122,33.7634790650069],[-84.4174578296151,33.7642891284406],[-84.4174564995178,33.764397342963],[-84.4174516126018,33.7649789498187],[-84.417475416757,33.7652434206474],[-84.4174412164389,33.7662108708351],[-84.4174376982911,33.7664152795415],[-84.4174362287989,33.7664757436607],[-84.4174320379581,33.7667313381808],[-84.4174290081422,33.7671033877112],[-84.417420367456,33.7680910546585],[-84.4174112789074,33.768924820624],[-84.4173997361089,33.7700457832863],[-84.4173887931582,33.7702433355615],[-84.4173673704078,33.7705144245011],[-84.4173855520016,33.771390045814],[-84.4173824007771,33.7717205268809],[-84.4173772071923,33.7721970137812],[-84.4173681330329,33.7730359328621],[-84.4173583654961,33.7739195113764],[-84.4173581460615,33.7741266603172],[-84.4173580147605,33.7746464216951],[-84.4173553680558,33.7751500411416],[-84.4173525855533,33.7756069417071],[-84.4173503570333,33.7759717750774],[-84.4173477516973,33.7762070979792],[-84.4173396182288,33.7768041695768],[-84.4173383771644,33.7775080644457],[-84.4173257246024,33.7796609901626],[-84.4173226606123,33.7800213592984],[-84.4173209411085,33.7802783225866],[-84.417313651204,33.7811653302159],[-84.4173092157477,33.7824673156142],[-84.4173152996613,33.7839172754619],[-84.4133220696577,33.7802023973229],[-84.4095685863211,33.7765932102085],[-84.4090175033551,33.7758888449943],[-84.4084978121243,33.7750785971996],[-84.4084285022735,33.7747738232534],[-84.4082797966752,33.7745552861975],[-84.4081077617637,33.7742313306115]]]}},{"type":"Feature","properties":{"NPU":"M","OBJECTID_1":13,"OBJECTID":13,"GlobalID":"{2A6882EF-4551-412E-9D57-ECE437CA986B}","NPU_1":null,"scenario":"ssp126","year":2025,"MEAN_FL_depth10":0.07,"MEAN_FL_depth20":0.08,"MEAN_FL_depth50":0.09,"MEAN_FL_depth100":0.1,"MEAN_FL_depth200":0.11,"MEAN_FL_depth500":0.11,"MEAN_DT_monthsExtreme3moSPEI":0.19,"MEAN_DT_totalWaterStress":0.28,"MEAN_HT_daysExceeding35C":24.8,"HT_waveMax35CMin24C_mean":0.24,"Shape__Area":0.0009539889872485219,"Shape__Length":0.1353589776311668},"geometry":{"type":"Polygon","coordinates":[[[-84.3644895633427,33.772877912086],[-84.3642198377752,33.7718563406976],[-84.3638784668178,33.7709808839607],[-84.3632281283754,33.7698998008352],[-84.3626197019377,33.7691535883675],[-84.3618776425391,33.7684247624928],[-84.3605686046573,33.7670698798711],[-84.3602282571283,33.7666238242302],[-84.3599494565022,33.7661089632581],[-84.3597943639187,33.7657313235418],[-84.3596905326919,33.7652848955815],[-84.3596278724283,33.7648555799211],[-84.3596577011419,33.7644003547926],[-84.3597389045268,33.7639278725733],[-84.3598613724044,33.763515443483],[-84.3599842054067,33.763266190982],[-84.3602127519169,33.7628026480239],[-84.3603810006826,33.7626302749673],[-84.3614556698432,33.7614946929258],[-84.3624898011633,33.7608586096372],[-84.3631858017833,33.7603668864227],[-84.3636065531998,33.7600055082477],[-84.3639860149426,33.7595754884181],[-84.3643037391262,33.7591283895636],[-84.364570011297,33.7586641954963],[-84.3647849087965,33.7582172603184],[-84.3648238413472,33.7580590506847],[-84.3648969634241,33.7577619020902],[-84.3653546032323,33.7555711535859],[-84.365435767047,33.7550986677693],[-84.3655680420315,33.7544972749293],[-84.3657314758269,33.7540332436394],[-84.3659772605421,33.753612020978],[-84.3663362582117,33.7532421442097],[-84.366695333223,33.7529066197447],[-84.367116233927,33.7526311115366],[-84.3684310283692,33.752105084582],[-84.3709892326669,33.7513193424138],[-84.3765774471914,33.7493432485921],[-84.3780776548599,33.7490057456187],[-84.3786120122346,33.7489017705004],[-84.3792698033587,33.748823344222],[-84.3801744215123,33.7487788421699],[-84.381068863837,33.7487772917387],[-84.3832572183459,33.7491219578122],[-84.385183058951,33.748275626519],[-84.3868962368718,33.7474586374062],[-84.3886929213412,33.7460894294836],[-84.39009005771,33.7449144922101],[-84.3904699933954,33.7450194430929],[-84.3909564070125,33.7451535679828],[-84.3916441617486,33.7452261756475],[-84.3918736867212,33.7452504924163],[-84.3922406002235,33.7452893287396],[-84.3922767970365,33.745293041141],[-84.3933427508672,33.7453171978304],[-84.393696423651,33.7453251361462],[-84.3941997912873,33.7453365764219],[-84.3944572626925,33.745353622172],[-84.3955192271306,33.7454234554282],[-84.3955957279604,33.7454284673499],[-84.3971413801705,33.7452232510523],[-84.3975179263112,33.7451730787746],[-84.3980439442726,33.7450439568132],[-84.3993269278953,33.7447285888533],[-84.3999651398793,33.744424389574],[-84.4007864978985,33.7440267426401],[-84.4013466927956,33.7437676866295],[-84.4021433752166,33.7433741999594],[-84.4026550840649,33.7431317202527],[-84.4035750032837,33.7426960787611],[-84.4037959280396,33.7431824384188],[-84.4040116313317,33.7435636880139],[-84.40436207465,33.7441920200457],[-84.4046281138963,33.7446319153307],[-84.4047369651388,33.7447364822029],[-84.4054717085525,33.7454399903633],[-84.4059571401099,33.7458035377032],[-84.4063436768192,33.7460934152789],[-84.4065645835886,33.7462695618908],[-84.4061922966371,33.7466677511159],[-84.4058142648165,33.7470717895315],[-84.4057814971184,33.7471189167047],[-84.4056168294531,33.7473524931231],[-84.4051580555998,33.7480050600855],[-84.4045288647153,33.7488987685634],[-84.4042159024419,33.7493435570595],[-84.4039079538889,33.7498178792918],[-84.4036376761378,33.7502333840634],[-84.4033026921655,33.7507489797816],[-84.4031380667683,33.7510024770827],[-84.4029374001408,33.7513110092957],[-84.4028890265074,33.7516673440727],[-84.402811636248,33.7522401582568],[-84.4028084274669,33.7528698572581],[-84.4027930265769,33.753252924383],[-84.4028037635828,33.7538688556632],[-84.4028011015895,33.7543982415856],[-84.4027998614245,33.7545459624263],[-84.4027984998509,33.7546493673744],[-84.4027841898384,33.7563302929087],[-84.4027947487786,33.7565813944159],[-84.4027790942798,33.7568717072635],[-84.4027740158081,33.757419649797],[-84.4027659228091,33.7580682507492],[-84.4027645594368,33.7581709686154],[-84.4027550194286,33.7588917149807],[-84.4027485272227,33.7592239227459],[-84.4027244352844,33.7600377921105],[-84.4027165086599,33.7607471989242],[-84.4027143170121,33.7608478573428],[-84.4027146335735,33.7609632826295],[-84.4027151920524,33.76116699616],[-84.4027176885704,33.7620776910327],[-84.402727841017,33.7621803873151],[-84.402727497476,33.7623552442992],[-84.4028326848805,33.7632162750111],[-84.4028369161907,33.7632592077463],[-84.4029237736132,33.7634352734192],[-84.403152087199,33.7638975717156],[-84.4033567953798,33.7641513918733],[-84.403408912891,33.7642577870673],[-84.4036327091821,33.7645716873336],[-84.4037103368625,33.764680781393],[-84.4039265284865,33.7649211809678],[-84.4036237978,33.7649203877658],[-84.4027715417732,33.7649178993416],[-84.4022499871472,33.7649161474623],[-84.4016773753106,33.7648945655318],[-84.401685491692,33.7654569098086],[-84.4016916556454,33.7659069233659],[-84.4016927528182,33.7660072328476],[-84.4016954750661,33.7664019425956],[-84.4016971909725,33.7667289810577],[-84.4016781325398,33.768185585996],[-84.4016558257557,33.7699589321591],[-84.4016492777919,33.770164026149],[-84.401178301937,33.7702937461595],[-84.4002538339473,33.7706819708963],[-84.3990135492359,33.7712439284646],[-84.3985759409269,33.7713364102472],[-84.3980554762792,33.7713800480508],[-84.3968353993342,33.7713727104822],[-84.3967218698184,33.7713736098043],[-84.3961672920868,33.7713430373514],[-84.3960010883795,33.7713357888156],[-84.395668692656,33.7713257568782],[-84.395520627375,33.7713332455329],[-84.3950944872208,33.7713391873536],[-84.3948994854229,33.7713302732735],[-84.3946436274014,33.7713307463169],[-84.3945276211527,33.7713282120274],[-84.3937468729198,33.7713241542863],[-84.3927365250705,33.7712940611721],[-84.3920701535147,33.7712987151637],[-84.3910615530482,33.77130776684],[-84.3910244722016,33.7712848179401],[-84.3908501197372,33.7713071211268],[-84.3906929758002,33.7713036272606],[-84.3904584928651,33.7712982124426],[-84.3900841464662,33.7712899593642],[-84.3894514563196,33.7712756439558],[-84.3888500320033,33.7712622998154],[-84.3876817380217,33.7712358849282],[-84.3874177798066,33.7712851380987],[-84.3872993669722,33.7713069925238],[-84.3867703776507,33.7713079368119],[-84.3858506517861,33.7713264061887],[-84.3857617582985,33.7713097318587],[-84.3849957724369,33.7712877290455],[-84.3848032482712,33.7712822296912],[-84.3837773943113,33.7713005272976],[-84.3834532291831,33.7712914783191],[-84.3832557866252,33.7712928560805],[-84.3830624512711,33.7712921645019],[-84.3818933883691,33.7712869942994],[-84.380492324661,33.771280841138],[-84.380384549907,33.7712803411149],[-84.3791685927563,33.7712748831294],[-84.3777707863927,33.7712549523542],[-84.3777230027144,33.7725697252127],[-84.377328077129,33.7725590628505],[-84.3767997137357,33.7724830134803],[-84.3765725413896,33.7724397713784],[-84.3760704588846,33.7723444360469],[-84.3758795310155,33.7723200248493],[-84.3758523732884,33.7723166362039],[-84.3756853655871,33.7723169185909],[-84.3753580312481,33.772359384578],[-84.3752453821686,33.7723846519302],[-84.3750735307189,33.7724230745653],[-84.3747644400269,33.7725256242582],[-84.3741906509777,33.7727162184788],[-84.3734656013564,33.7729572205993],[-84.3733776350697,33.7729838198475],[-84.3728062607003,33.7731551658783],[-84.3724108198035,33.7732740013941],[-84.3716659212452,33.7734755178809],[-84.3711627424665,33.773611704017],[-84.3709094996736,33.7736767070145],[-84.3703923229473,33.7738091339844],[-84.3702253916885,33.7738430752977],[-84.3701151995568,33.7738652435862],[-84.3700938091819,33.7738652786597],[-84.3698807247156,33.7738656293953],[-84.3697638874934,33.7738606687349],[-84.3695623017588,33.7738524120592],[-84.3693194515315,33.7737896016089],[-84.3684165816599,33.7736413016048],[-84.3676618589076,33.7735171439011],[-84.3675260585807,33.7734946923263],[-84.3670809040605,33.773466903275],[-84.3668595620192,33.773453177822],[-84.3657997514573,33.7733872170465],[-84.3655849834602,33.7733703871337],[-84.3651562712449,33.7733370672519],[-84.3649875997979,33.7733304680268],[-84.3648485780994,33.773337561879],[-84.3645845542338,33.7733671855472],[-84.3644895633427,33.772877912086]]]}},{"type":"Feature","properties":{"NPU":"N","OBJECTID_1":14,"OBJECTID":14,"GlobalID":"{011CAA71-EE3C-4EEE-B4AA-603ACA0D28C1}","NPU_1":null,"scenario":"ssp126","year":2025,"MEAN_FL_depth10":0.08,"MEAN_FL_depth20":0.08,"MEAN_FL_depth50":0.1,"MEAN_FL_depth100":0.11,"MEAN_FL_depth200":0.11,"MEAN_FL_depth500":0.13,"MEAN_DT_monthsExtreme3moSPEI":0.19,"MEAN_DT_totalWaterStress":0.28,"MEAN_HT_daysExceeding35C":22.54,"HT_waveMax35CMin24C_mean":0.25,"Shape__Area":0.0008602263053489878,"Shape__Length":0.1839661615647126},"geometry":{"type":"Polygon","coordinates":[[[-84.317254648683,33.7659274773712],[-84.3172278920536,33.7648847350425],[-84.3166031294309,33.7648773803868],[-84.3163695862874,33.7646684822647],[-84.3168099501191,33.7644405688772],[-84.3225794922497,33.7610458538831],[-84.3229131407288,33.7608664526247],[-84.3232616226258,33.7607014594049],[-84.3236249361419,33.7605515613055],[-84.3240014382158,33.7604174481068],[-84.3243894848868,33.7602991225065],[-84.3247874330935,33.7601976142286],[-84.325193637976,33.7601132713105],[-84.3256064519761,33.7600457520099],[-84.3260258813893,33.7599964304909],[-84.3264486319987,33.7599646223695],[-84.3268730616425,33.7599503312429],[-84.3272975236617,33.7599542450924],[-84.3277211969756,33.7599760230751],[-84.3281703390899,33.7600846395945],[-84.3286388993657,33.760160366108],[-84.3291304912791,33.7603314855097],[-84.3300108565158,33.760673855614],[-84.3311199823013,33.7611495097422],[-84.3328121646496,33.7618152202962],[-84.3344147547371,33.7622233830028],[-84.3359002234166,33.7623263230014],[-84.3370996896989,33.7622387892887],[-84.3380776538606,33.7620816642375],[-84.3388737993863,33.7620118489677],[-84.3393836772149,33.76194277384],[-84.3400070099156,33.7618422764],[-84.3411557904074,33.7616978866482],[-84.3454984834682,33.7608865200969],[-84.3473656424104,33.7604961351885],[-84.3491631812358,33.7599408784688],[-84.3491843521761,33.7591488158652],[-84.3491973896478,33.7584589872925],[-84.3491625031469,33.7582992964754],[-84.3491631461623,33.7582147862834],[-84.3491666283372,33.7575290936928],[-84.3491729101017,33.7562233212493],[-84.3491769705407,33.7554225433158],[-84.3491786675614,33.7550587405685],[-84.3492018206075,33.7535636572371],[-84.349209032271,33.7530854499336],[-84.349219124463,33.7524138308337],[-84.3492206047471,33.7523361905628],[-84.3492154741148,33.7510795588746],[-84.3492110881212,33.7501743588596],[-84.3492076832879,33.7493437036491],[-84.3492028485326,33.7482262024773],[-84.349202525676,33.7480740183013],[-84.349201325081,33.7478953832654],[-84.3492019132377,33.7477851083961],[-84.349203212758,33.7476219291088],[-84.3492062389767,33.7471090304575],[-84.349206856811,33.7470128416693],[-84.3492085781133,33.7466607184174],[-84.3492090727405,33.746505785014],[-84.3492109388337,33.7462220255261],[-84.3492114307629,33.7460660606002],[-84.3492143427677,33.7454995722475],[-84.3497282765387,33.7454538084465],[-84.3511924960368,33.7451912306908],[-84.351814012107,33.7450734995424],[-84.3518633345252,33.7450620889443],[-84.3527872943981,33.7448453046671],[-84.3543933477748,33.7443863194731],[-84.3549259802497,33.7442456906861],[-84.3556633245028,33.7440714245566],[-84.3567327721996,33.7438265616465],[-84.3583022771284,33.7435925958217],[-84.3588482555425,33.7434811338473],[-84.3623249725194,33.7433740191957],[-84.362330925132,33.7441228738716],[-84.3622898081281,33.7466609540398],[-84.3630826792222,33.7466693141376],[-84.3637497099811,33.7466764952241],[-84.3639956322926,33.7466788505486],[-84.3646717102312,33.7466860136487],[-84.3650253758204,33.7466895677694],[-84.3652104356131,33.746692018422],[-84.3656998106977,33.7466967272722],[-84.3661094060242,33.7467015629268],[-84.3662681462579,33.7467033678662],[-84.3666703392647,33.7467075263313],[-84.3667492970424,33.7467084283513],[-84.3674064586411,33.7467152631989],[-84.3681072121781,33.7467227104847],[-84.3680887571904,33.7479756000939],[-84.3686110546564,33.7483382031456],[-84.3687725845871,33.7484767266197],[-84.3692390485432,33.748877206418],[-84.3695003951271,33.7491402662104],[-84.369616653186,33.7492627161015],[-84.3701616765201,33.7498389531053],[-84.3706306963495,33.7506179953243],[-84.3707076243574,33.7508023446525],[-84.3708497496162,33.751078652358],[-84.3709748525074,33.7513193657961],[-84.3684166473104,33.7521051079644],[-84.3671018528682,33.752631134919],[-84.3666809521642,33.7529066431271],[-84.3663218771529,33.753242167592],[-84.3659628803826,33.7536120443604],[-84.3657170947681,33.7540332670217],[-84.3655536609726,33.7544972974124],[-84.3654213859882,33.7550986902524],[-84.3653402212742,33.7555711769683],[-84.3648825814659,33.7577619245732],[-84.364809459389,33.7580590731678],[-84.3647705268383,33.7582172837007],[-84.3645556293388,33.7586642188787],[-84.364289357168,33.7591284129459],[-84.3639716329844,33.7595755109012],[-84.3635921712417,33.76000553163],[-84.3631714189258,33.7603669098051],[-84.3624733525631,33.7608661387613],[-84.3614670948305,33.7614946749393],[-84.3603666178251,33.7626302974503],[-84.3601983690594,33.7628026705069],[-84.3599698225493,33.763266213465],[-84.3598469895469,33.763515465966],[-84.3597245216693,33.7639278950564],[-84.3596433182845,33.7644003772756],[-84.3596134895708,33.7648556024042],[-84.3596761498344,33.7652849180646],[-84.3597799801619,33.7657313460248],[-84.3599350727454,33.7661089866405],[-84.3602138742709,33.7666238467132],[-84.3605542217999,33.7670699023541],[-84.3618632587823,33.7684247849759],[-84.3626053181808,33.7691536117499],[-84.3632137446186,33.7698998233183],[-84.3638640839603,33.7709809073431],[-84.3642054531192,33.77185636408],[-84.3644751786865,33.7728779345691],[-84.364570170477,33.7733672089296],[-84.3640858801592,33.7734930294798],[-84.3637364692626,33.7735997385371],[-84.3632144074189,33.7737589392237],[-84.3629504510025,33.7738184464642],[-84.362353980152,33.7738193934503],[-84.3609775758544,33.773821568011],[-84.360237954518,33.7738227308344],[-84.3587118148983,33.7738251149372],[-84.3582231206005,33.7738258739649],[-84.3580643354007,33.7738261203792],[-84.3574645748302,33.7738270493789],[-84.3573230683049,33.7738272679142],[-84.3562247415785,33.7738289595389],[-84.3561474061778,33.7738290782494],[-84.355584667998,33.7738299415986],[-84.3547603044445,33.7738312006495],[-84.3543407158513,33.773830121463],[-84.3541054163318,33.7738294487701],[-84.3534924869887,33.7738279729826],[-84.3528754441464,33.7738265007924],[-84.3526047715929,33.7738279397077],[-84.3524928995276,33.7738360093244],[-84.3524040608987,33.7738426706028],[-84.3516282337559,33.7738414304377],[-84.3507355801829,33.7738403602445],[-84.3498281165743,33.773838962698],[-84.3491477254871,33.7738379086926],[-84.3489667216369,33.7738354283624],[-84.3489680328484,33.7744544676996],[-84.3489686246023,33.7747337575569],[-84.3489626189297,33.775005842046],[-84.3489061262167,33.7751357805918],[-84.3488069130086,33.7752956683605],[-84.3487314203188,33.7753895638773],[-84.3479863203124,33.7763120092919],[-84.3473561006035,33.7770965265835],[-84.3472814253975,33.7771897323203],[-84.3467863971745,33.7777109038352],[-84.3462559095825,33.7781963983452],[-84.3457615198782,33.7786347737758],[-84.3456129006148,33.778780303868],[-84.3454289748673,33.7789602366257],[-84.3451244967981,33.7793053001995],[-84.3387881983166,33.7791468864197],[-84.3378660253967,33.778458700009],[-84.3376131648157,33.7786740246866],[-84.3383679271381,33.779151620451],[-84.3329985113722,33.7792191190671],[-84.3333012267702,33.7787503825242],[-84.3323719231257,33.7781150303844],[-84.3321194231728,33.7792304352365],[-84.3303782610479,33.779252832852],[-84.3304243243231,33.773365129697],[-84.3311198860739,33.7735263385697],[-84.3315931345155,33.7732513070023],[-84.3307063031533,33.7726329025865],[-84.3317552265224,33.7715861160065],[-84.3291038542594,33.7715466213795],[-84.3292832708063,33.7708725138555],[-84.3293303062486,33.7704566592475],[-84.3289189743311,33.7704569308427],[-84.3287630948409,33.771193225587],[-84.328722528222,33.7677619738361],[-84.3270709628546,33.7677325714011],[-84.3270534305713,33.7695548325895],[-84.3232025254761,33.7694726678294],[-84.3231969505788,33.7676308679702],[-84.3212117619132,33.7676239018217],[-84.321203710283,33.7674050598956],[-84.3199799488156,33.7673775496343],[-84.3192585936092,33.7659381811022],[-84.317254648683,33.7659274773712]]]}},{"type":"Feature","properties":{"NPU":"O","OBJECTID_1":15,"OBJECTID":15,"GlobalID":"{707942C6-872E-4145-9F46-CD3D8AB16E1A}","NPU_1":null,"scenario":"ssp126","year":2025,"MEAN_FL_depth10":0.06,"MEAN_FL_depth20":0.07,"MEAN_FL_depth50":0.08,"MEAN_FL_depth100":0.09,"MEAN_FL_depth200":0.1,"MEAN_FL_depth500":0.1,"MEAN_DT_monthsExtreme3moSPEI":0.19,"MEAN_DT_totalWaterStress":0.26,"MEAN_HT_daysExceeding35C":21.69,"HT_waveMax35CMin24C_mean":0.26,"Shape__Area":0.0008745104680656368,"Shape__Length":0.24304371581068002},"geometry":{"type":"Polygon","coordinates":[[[-84.3492236273685,33.7455038224435],[-84.3492207153637,33.7460703116956],[-84.3492202234345,33.7462262757221],[-84.3492183573413,33.7465100361093],[-84.3492178636135,33.7466649695128],[-84.3492161423111,33.7470170927647],[-84.3492155235775,33.7471132824521],[-84.3492124982582,33.7476261793048],[-84.3492111987378,33.7477893585921],[-84.3492106096818,33.7478996343607],[-84.3492118111761,33.7480782684974],[-84.3492121331334,33.7482304526733],[-84.349216968788,33.7493479547444],[-84.3492203736213,33.750178609955],[-84.3492247596149,33.7510838099699],[-84.3492298902472,33.7523404416581],[-84.3492284099631,33.752418081929],[-84.3492183177711,33.7530897001296],[-84.3492111061076,33.753567907433],[-84.3491879521622,33.7550629916638],[-84.3491862551415,33.7554267935118],[-84.3491821947025,33.7562275714453],[-84.3491759138373,33.7575333438888],[-84.3491724316623,33.7582190373788],[-84.3491717877478,33.7583035475707],[-84.3492066742486,33.7584632374885],[-84.3491792566173,33.7591530885443],[-84.3491580856771,33.7599451493492],[-84.3473491209651,33.7605004240554],[-84.3454933861108,33.7608907918766],[-84.3411392680628,33.7617021746157],[-84.3400162954156,33.7618465283946],[-84.3393929618157,33.7619470258346],[-84.3388830839871,33.7620161009623],[-84.33808694026,33.7620859153328],[-84.3370831673543,33.7622430772562],[-84.3358837010719,33.7623306100696],[-84.3343982323925,33.7622276691716],[-84.332795642305,33.7618195073644],[-84.3311034590574,33.761153795911],[-84.3299943341711,33.7606781408836],[-84.3291139698338,33.7603357725779],[-84.328622377021,33.760164652277],[-84.3281538167452,33.7600889257633],[-84.3277304815765,33.7599802741703],[-84.3273068082626,33.759958497087],[-84.3268823453439,33.7599545832375],[-84.3264579165995,33.7599688743641],[-84.3260351659901,33.7600006824856],[-84.3256157374763,33.7600500049039],[-84.3252029216774,33.7601175242044],[-84.324796716795,33.7602018671225],[-84.3243987703869,33.7603033745012],[-84.3240107237159,33.7604217001014],[-84.3236342198433,33.7605558141995],[-84.3232709063273,33.7607057113995],[-84.322922426229,33.7608707046194],[-84.3225887759512,33.7610501067771],[-84.3168192338205,33.7644448217712],[-84.3163530630434,33.7646727675343],[-84.3159831808791,33.7642904936114],[-84.3154426523565,33.7644335307829],[-84.314889320186,33.7645364536945],[-84.3143272780814,33.7645987164577],[-84.3137608922514,33.7646195924203],[-84.3128772381939,33.7646962083634],[-84.3125618396571,33.7552907728509],[-84.3104694661929,33.7552821366613],[-84.3104418588047,33.755117870993],[-84.3103959133407,33.7549565119335],[-84.3103320794619,33.7547994129626],[-84.3102355372402,33.7546232348744],[-84.3101511961208,33.7545015071389],[-84.3099492452614,33.7542766667348],[-84.3107235390601,33.7537686244225],[-84.3108615921887,33.7536920858212],[-84.3111735355302,33.7534590705797],[-84.3114606018253,33.7532047135268],[-84.311720655184,33.7529308196017],[-84.3116512239248,33.7528870756781],[-84.311998997156,33.7525211901009],[-84.3125292626153,33.7518785228756],[-84.3111990861689,33.7519187720338],[-84.3112010628787,33.7526188834548],[-84.3082987213089,33.7526088119471],[-84.3044703046608,33.7526315405132],[-84.30424823237,33.7530072745661],[-84.3038295448976,33.7538154314371],[-84.3022907662059,33.7538246162131],[-84.3022802828088,33.7551391003892],[-84.2971597490231,33.7546371177089],[-84.2970298311618,33.7546276064789],[-84.2969015896366,33.7546081739281],[-84.296776094641,33.7545789090894],[-84.2966542356045,33.754540172591],[-84.2965372580879,33.7544921424984],[-84.2964260560177,33.7544353593045],[-84.2963216087552,33.75437027267],[-84.2960296330611,33.754114935356],[-84.2959446983891,33.754058665675],[-84.2958542517723,33.7540088027641],[-84.2957946411098,33.7539774847731],[-84.2957318306594,33.7539508585454],[-84.295666269183,33.7539291057437],[-84.2955986662454,33.753912583399],[-84.295448720482,33.753905526419],[-84.2915719796631,33.7537403425428],[-84.2902556257965,33.7535743933436],[-84.2904191944902,33.752714416637],[-84.2904966620912,33.7527201102449],[-84.2905547645907,33.7520133546327],[-84.2906254099347,33.7508675275145],[-84.290707136725,33.7496894965731],[-84.2907128222389,33.7493716257999],[-84.290697675857,33.7490539564749],[-84.2906616966799,33.7487374805503],[-84.2905454431177,33.7479460456735],[-84.2903529576229,33.7471987818983],[-84.2894499384639,33.7453202663173],[-84.2906397855976,33.7453277342876],[-84.2897865196321,33.7435566580134],[-84.289796276377,33.7432823378097],[-84.2896641317942,33.7430102326362],[-84.2896939353268,33.7429964055597],[-84.289507322405,33.7426083004328],[-84.2898240042744,33.7425013080889],[-84.2899408226108,33.7392174579194],[-84.2928859907958,33.7392988861347],[-84.2949751797607,33.7393847417125],[-84.2949786700295,33.7388184431167],[-84.2973962059701,33.7388389017939],[-84.3001265441047,33.7388511307751],[-84.300127851719,33.7393503354497],[-84.3032813244735,33.7393702869093],[-84.3032825277664,33.7401293470917],[-84.2950994058129,33.7400690394547],[-84.294920206902,33.7452129619087],[-84.309432688168,33.7453030793737],[-84.3094195832471,33.740724211753],[-84.3049226960256,33.7406903738617],[-84.3049211060242,33.7401434673472],[-84.3034631934715,33.7401324659406],[-84.3034619847828,33.7393711241781],[-84.3108199715644,33.739413064961],[-84.3150142297229,33.739448175393],[-84.3150281233492,33.7395569438979],[-84.317913385894,33.7395763458717],[-84.3200923559774,33.7393675385811],[-84.3200999633426,33.7397912190896],[-84.3193808672332,33.7400726619239],[-84.3186408708794,33.7401651832766],[-84.3162490267711,33.7401452021394],[-84.3164072211163,33.7444162641993],[-84.3184141706774,33.7437496507259],[-84.3190463715927,33.7446935872393],[-84.3167983983274,33.7447135171152],[-84.3168019200725,33.7467346274012],[-84.3198107521645,33.7467309320869],[-84.3198257321718,33.7474466062759],[-84.3286289933333,33.7474947056162],[-84.3287138821399,33.7450574493419],[-84.3287112669114,33.7449449153756],[-84.3286958336458,33.7448331188534],[-84.3286676722752,33.7447230526269],[-84.3286270534957,33.7446157994796],[-84.3282355633206,33.7436424272562],[-84.3280960002302,33.7432293398622],[-84.3279059006368,33.7425929562],[-84.3277750987418,33.7421978021869],[-84.3276190267966,33.7418089928908],[-84.3271548956819,33.7408704289272],[-84.3270895527406,33.7407265059235],[-84.3270377347037,33.740578776989],[-84.3269997986018,33.7404281441436],[-84.326976012433,33.7402755103066],[-84.3269324636622,33.7399307390124],[-84.3285742821773,33.7399529315826],[-84.3296943491149,33.7411241636493],[-84.3301751662509,33.7416523121046],[-84.3306152288097,33.7422254977086],[-84.3311879377731,33.7428166418746],[-84.3315990034912,33.7431695880061],[-84.3316838527276,33.7432423035895],[-84.332110456932,33.7435478203757],[-84.3323962335992,33.7437525258584],[-84.3325477711627,33.7438612224175],[-84.3331233075945,33.7442002002791],[-84.3339111209015,33.7445821747276],[-84.3340831729001,33.7446654195735],[-84.3342716447206,33.7447338705717],[-84.3347078482885,33.7448919893739],[-84.3349061973631,33.7449642049341],[-84.3358418646103,33.7452429048362],[-84.3368645448628,33.7454349082944],[-84.3379865786177,33.7455422558705],[-84.3380309997308,33.7455466598505],[-84.3386675740493,33.7455457749176],[-84.3387613328692,33.7455456436166],[-84.3398067057149,33.7455651382206],[-84.3406645609207,33.745584544691],[-84.3409688753133,33.7455889252887],[-84.3412690690123,33.7455885008087],[-84.3419155097929,33.7455858675938],[-84.3431870351535,33.7455947052315],[-84.3443392852298,33.7455930522776],[-84.3445695494451,33.7455824150964],[-84.3452119153976,33.7455983205061],[-84.3469481807139,33.7456332429798],[-84.3471587371859,33.7456374005457],[-84.3486135057087,33.7455682768546],[-84.3486546200147,33.7455640941077],[-84.3489407788938,33.7455389364728],[-84.3492236273685,33.7455038224435]]]}},{"type":"Feature","properties":{"NPU":"P","OBJECTID_1":23,"OBJECTID":23,"GlobalID":"{44E40A62-C6E8-4E7F-B0A3-9225317BA22F}","NPU_1":null,"scenario":"ssp126","year":2025,"MEAN_FL_depth10":0.03,"MEAN_FL_depth20":0.04,"MEAN_FL_depth50":0.04,"MEAN_FL_depth100":0.04,"MEAN_FL_depth200":0.04,"MEAN_FL_depth500":0.05,"MEAN_DT_monthsExtreme3moSPEI":0.19,"MEAN_DT_totalWaterStress":0.29,"MEAN_HT_daysExceeding35C":20.74,"HT_waveMax35CMin24C_mean":0.21,"Shape__Area":0.0023074260034263716,"Shape__Length":0.24721366693409025},"geometry":{"type":"Polygon","coordinates":[[[-84.5140516885346,33.7206337583413],[-84.5150361655865,33.7167032722382],[-84.5155640163662,33.7150814564441],[-84.516442854554,33.7138537073827],[-84.5122702044064,33.7137852950554],[-84.5123636871344,33.7131781267692],[-84.5103631317531,33.7131722577935],[-84.5059914976095,33.7130183046511],[-84.5059450440285,33.7151426058466],[-84.5009574408332,33.7151791075298],[-84.500750988867,33.7146346849428],[-84.5006049866308,33.7140854284998],[-84.5001348462461,33.7132677181307],[-84.4993364847909,33.7117583283842],[-84.4988248406938,33.7108307937062],[-84.4979800265569,33.70855887779],[-84.4977263970555,33.7071627540579],[-84.4975613948425,33.7052947218739],[-84.4976461388582,33.7038131805339],[-84.4978764399457,33.7021326884728],[-84.4984568228241,33.7002155901774],[-84.4990040009338,33.6986476095996],[-84.499110360155,33.6983044768701],[-84.4995025023386,33.6970381882618],[-84.4995995292948,33.6966205341104],[-84.4999317559457,33.6953812017811],[-84.5000838564848,33.6939008493448],[-84.5000996863514,33.6937431244457],[-84.5000948102273,33.6933319283259],[-84.5000760539667,33.6916675593105],[-84.5000663197048,33.6908496331041],[-84.500059165598,33.690486880765],[-84.5000561303861,33.6903395124586],[-84.5000520780409,33.6901413045776],[-84.5000461038446,33.6898713038177],[-84.5000501786728,33.6898623600599],[-84.4999690796093,33.6860995111836],[-84.4999590386786,33.6856275235914],[-84.4999443428571,33.6850140114875],[-84.4999208049012,33.6840257285046],[-84.4999069832207,33.6834256109033],[-84.4999140851668,33.6833493277094],[-84.49961617035,33.6798333724122],[-84.4991512631203,33.6769073696794],[-84.499077321761,33.676485364608],[-84.4987197198392,33.6743148445545],[-84.4985955072768,33.6734267982082],[-84.4985879403811,33.6733821594592],[-84.4982235989399,33.6711618421454],[-84.498035288098,33.6700558217188],[-84.4976715797795,33.6671353767962],[-84.4976537417268,33.6661247447612],[-84.5064583527707,33.6662735618754],[-84.5064900556715,33.6540679801532],[-84.5071719207475,33.6540868029637],[-84.5080511150668,33.654229264569],[-84.5163031844444,33.6561974164777],[-84.5163104977312,33.6559426439379],[-84.5163258050918,33.6558895506623],[-84.5163261522301,33.6558143493528],[-84.5163203534016,33.6555993124584],[-84.5163252780891,33.6555982683454],[-84.5163901803625,33.6555970533614],[-84.5164953740622,33.6556046571293],[-84.5166760838342,33.6555948707068],[-84.5167130558628,33.6555951090271],[-84.5168478282646,33.6556029726991],[-84.5169433605476,33.6556590418314],[-84.5169450072063,33.6556600670585],[-84.5171030468681,33.6557327934337],[-84.5171490750697,33.6557374726063],[-84.5174547861095,33.6557572172218],[-84.5175288263942,33.655781054652],[-84.51796685019,33.6558096980592],[-84.5181073800515,33.6558189179088],[-84.5182313992596,33.6558089462259],[-84.5183168213642,33.6558032067526],[-84.5184343294807,33.6558083688612],[-84.5185321172634,33.6558128996456],[-84.518754021381,33.6558311630778],[-84.5189135071526,33.6558550994333],[-84.5190719955761,33.6558357532175],[-84.5191483219375,33.6558156102023],[-84.5191737529663,33.655806262649],[-84.5194198785246,33.6557200203627],[-84.5198116151139,33.6556804250117],[-84.5202360573481,33.6558032292357],[-84.5202623805044,33.6558110551362],[-84.5202985521364,33.6558164483704],[-84.5204169415886,33.6558360347053],[-84.5205828008555,33.6558111684507],[-84.5206279504196,33.6558021077811],[-84.5207166442577,33.6557925785647],[-84.5207601741427,33.6557890181487],[-84.5209803362735,33.6557832346086],[-84.5210140941251,33.655801001615],[-84.521088171282,33.6558337684137],[-84.5212525745466,33.655854252272],[-84.5213092642111,33.6558544330357],[-84.5220184902611,33.6558483563167],[-84.5220818681836,33.6562104710364],[-84.5221465726062,33.6569231360939],[-84.5258791170276,33.656919939004],[-84.5258504493387,33.6589168404399],[-84.5265023481048,33.6590597238272],[-84.5297028841807,33.65913498719],[-84.5292652228118,33.6603189500595],[-84.5290715780908,33.6615565862675],[-84.528797715642,33.6622805297227],[-84.5285714992752,33.6626102985265],[-84.5280747092804,33.6630775835637],[-84.5271904122077,33.6636226077972],[-84.5264490138109,33.6639559361176],[-84.5257729007987,33.6641522563216],[-84.5258375800403,33.6731123574494],[-84.5356237714199,33.6732209442912],[-84.5354773321131,33.6806245347945],[-84.5455315952069,33.6807601606529],[-84.5451466844719,33.6898191656221],[-84.5453590350913,33.6898242404964],[-84.5450455916807,33.7016614509153],[-84.5459869183616,33.7008720628954],[-84.5463352986351,33.7012417894771],[-84.5450390419182,33.7027649478441],[-84.5449646967633,33.7061203390824],[-84.5444836278172,33.7061099420202],[-84.5445258168129,33.7062478485594],[-84.5364642121536,33.7061635766877],[-84.5364963791046,33.706009410406],[-84.536474034549,33.7060091280189],[-84.5352569271654,33.7060008227798],[-84.5351193614693,33.7122878680907],[-84.5353915403873,33.7134550640001],[-84.5357683985927,33.7134653900158],[-84.5358304257335,33.7135510873129],[-84.5359400674801,33.7135564850438],[-84.536186035657,33.7145275765864],[-84.5364425223045,33.7155565053285],[-84.5365013469595,33.7156394695859],[-84.5356312690678,33.7156871597347],[-84.5357147081672,33.7163231800707],[-84.5357626429316,33.7169807679481],[-84.5353616676068,33.717302986044],[-84.5357309957888,33.7180706185642],[-84.5358360078255,33.7179863529879],[-84.5361411774733,33.7222127709027],[-84.5228516518822,33.7221176172343],[-84.5228519495578,33.7221008952402],[-84.5190954355059,33.7221093290823],[-84.5187482171565,33.7212755766066],[-84.5191465718568,33.7210979694958],[-84.5186555015501,33.7206271276399],[-84.5140516885346,33.7206337583413]]]}},{"type":"Feature","properties":{"NPU":"Q","OBJECTID_1":24,"OBJECTID":24,"GlobalID":"{68D125FE-945B-4B55-B99E-42775B36D4BE}","NPU_1":null,"scenario":"ssp126","year":2025,"MEAN_FL_depth10":0.06,"MEAN_FL_depth20":0.06,"MEAN_FL_depth50":0.06,"MEAN_FL_depth100":0.06,"MEAN_FL_depth200":0.06,"MEAN_FL_depth500":0.06,"MEAN_DT_monthsExtreme3moSPEI":0.19,"MEAN_DT_totalWaterStress":0.29,"MEAN_HT_daysExceeding35C":21.67,"HT_waveMax35CMin24C_mean":0.19,"Shape__Area":0.0002618610442368663,"Shape__Length":0.12085064952136164},"geometry":{"type":"MultiPolygon","coordinates":[[[[-84.5268568770432,33.7321449941962],[-84.5271476737261,33.7301121360663],[-84.5272578685558,33.7301138753551],[-84.5272514420004,33.7262415403149],[-84.5272026897523,33.7261837282965],[-84.5270448965047,33.7261800356802],[-84.5268360433487,33.7261616067728],[-84.5266805020035,33.7261481196401],[-84.5264731731983,33.7261195229976],[-84.5261818701971,33.7260660942749],[-84.525982692847,33.726020297199],[-84.5254879847826,33.7258929109291],[-84.5253925361366,33.7258766979513],[-84.5252148759657,33.7258641605027],[-84.5241725500231,33.725856937148],[-84.5241769315201,33.7258026495727],[-84.5241710139811,33.7257477198814],[-84.5241979459784,33.7242362140301],[-84.5229990201886,33.7242396791179],[-84.5229720675069,33.7257401098183],[-84.5229727779713,33.7258498486916],[-84.5228091876938,33.7258487029553],[-84.522806753229,33.7257939567258],[-84.5228077442819,33.7257390711013],[-84.5228723614703,33.722117557879],[-84.5361618870614,33.7222127088495],[-84.5361623079441,33.7222185400536],[-84.5361654780543,33.7222212632008],[-84.5361660509225,33.7225926301458],[-84.5361665392543,33.7229091438419],[-84.5361669709289,33.7231894643224],[-84.5361674044021,33.723470718299],[-84.5361678378754,33.7237519731751],[-84.5361682722479,33.7240332550307],[-84.5361687057211,33.7243145099068],[-84.5361727787507,33.7246543466209],[-84.5362523768457,33.7249624885281],[-84.536327063743,33.7252516025794],[-84.536405991843,33.7255570501178],[-84.5365136173095,33.7259736385726],[-84.5365322404705,33.725982871912],[-84.5369103289485,33.726170328398],[-84.5372269793416,33.7263272996652],[-84.5372776084748,33.726352834116],[-84.5369078818932,33.7267451480702],[-84.5367891587926,33.726777244874],[-84.5368563642298,33.7268154040078],[-84.5370996047629,33.7269720119488],[-84.5373848975949,33.7271552883859],[-84.5374599154427,33.7271997220896],[-84.5375406556767,33.7272365808036],[-84.5376262936185,33.727264836603],[-84.5377160054892,33.7272841486446],[-84.5378073217504,33.7272945232237],[-84.5388482078785,33.7272694060583],[-84.5392469196096,33.7272489644682],[-84.5391690068441,33.7271056044402],[-84.5390968380486,33.7269594780975],[-84.5390636296827,33.7268857184013],[-84.5389954952459,33.7267217162343],[-84.5389405736485,33.7265707272573],[-84.5388838686956,33.7263874544175],[-84.5388126927515,33.7260898273837],[-84.5387840430491,33.7259294836588],[-84.5387645124723,33.7257862909046],[-84.5387470854096,33.7255585825626],[-84.5387471825364,33.7253905946003],[-84.5387547845057,33.7252466329258],[-84.5387729741934,33.7250792780862],[-84.5388253453134,33.7248300606588],[-84.5389809675975,33.7241188255234],[-84.5389943486103,33.7239806851605],[-84.5390258284792,33.7236542357545],[-84.5391687199604,33.7228516600761],[-84.5392832666094,33.7222306943911],[-84.5393958752194,33.7222329615819],[-84.5431923641362,33.7222466231831],[-84.5434654117993,33.7222476016456],[-84.5434372378382,33.720217609655],[-84.5459041555523,33.7201985170479],[-84.5459059110289,33.7201389603448],[-84.5473816544398,33.7201665974106],[-84.5473818468947,33.7201837852535],[-84.550598335145,33.720226777344],[-84.5508556392763,33.7224144780458],[-84.5508407060337,33.7268462768342],[-84.5508360790218,33.728376309619],[-84.5400036559439,33.7283410049335],[-84.5398364719755,33.7283231866658],[-84.5399995676259,33.7286407408776],[-84.5400784498605,33.7288174207874],[-84.5401431758668,33.7289532624831],[-84.5402305593927,33.729194156685],[-84.5403791732602,33.7297120960365],[-84.5408240480913,33.7314208447962],[-84.5408441146641,33.7314970479504],[-84.5410866807057,33.7324399916124],[-84.5411211409279,33.7326116524059],[-84.541133029066,33.7326981851731],[-84.5411424512631,33.7327847269336],[-84.5411477626591,33.7328716239264],[-84.5411493409693,33.7330457893318],[-84.5411447427356,33.7331230968535],[-84.5411377199298,33.733210032517],[-84.5410960462455,33.733460591733],[-84.5403602470278,33.7335033571943],[-84.5401210723296,33.7335315635309],[-84.5397652591594,33.7335906966534],[-84.5388172253346,33.7338072327177],[-84.5383637844611,33.7339202460226],[-84.5378356890658,33.7340747054834],[-84.5373528655423,33.7342396762201],[-84.5369801415203,33.7343833609035],[-84.5367757373104,33.7344667631307],[-84.5363677598642,33.7346356288313],[-84.5361862874672,33.7346973196256],[-84.5360983742406,33.7347154472602],[-84.5359635730604,33.73473027798],[-84.5357374403306,33.7347326719753],[-84.5355630321082,33.734716016531],[-84.5353762015504,33.7346787863969],[-84.5337093189299,33.7342931580029],[-84.533012938796,33.734132392496],[-84.532753680438,33.7340799134573],[-84.5321981467271,33.733972316769],[-84.531650029725,33.7338677876683],[-84.5305670067619,33.7336707057385],[-84.5299011927858,33.7335407492063],[-84.5298032143468,33.7335118378011],[-84.5294976094271,33.7333883779713],[-84.5291345756002,33.7332320686052],[-84.5278548457245,33.7326628472127],[-84.5268458423617,33.7322221272494],[-84.5268568770432,33.7321449941962]]],[[[-84.5424455374315,33.709318615162],[-84.5420303483219,33.7093116328256],[-84.5418661671898,33.7093667531732],[-84.5414331661077,33.7094230327468],[-84.5411757756415,33.7094062927662],[-84.5411771246245,33.708959353991],[-84.5360791422386,33.7089351964023],[-84.5362152096641,33.7078670931919],[-84.5363271105077,33.7069302892015],[-84.5363549769006,33.7067185914898],[-84.5364643038845,33.7061635775871],[-84.5364658624096,33.7061556698483],[-84.5364946766879,33.7060093888223],[-84.5364963791046,33.706009410406],[-84.5368650121106,33.7061677792197],[-84.5445258168129,33.7062478485594],[-84.5446443591498,33.7066160822664],[-84.545446071479,33.7092895265905],[-84.5451082789239,33.709310142649],[-84.5448654772599,33.7092456144936],[-84.5443836384941,33.7092251027564],[-84.5441287733242,33.7094096724185],[-84.5428193757136,33.7094572951181],[-84.5424455374315,33.709318615162]]]]}},{"type":"Feature","properties":{"NPU":"R","OBJECTID_1":22,"OBJECTID":22,"GlobalID":"{D6B25220-1893-4E48-8233-8CF88B776F1B}","NPU_1":null,"scenario":"ssp126","year":2025,"MEAN_FL_depth10":0.05,"MEAN_FL_depth20":0.06,"MEAN_FL_depth50":0.07,"MEAN_FL_depth100":0.08,"MEAN_FL_depth200":0.09,"MEAN_FL_depth500":0.09,"MEAN_DT_monthsExtreme3moSPEI":0.19,"MEAN_DT_totalWaterStress":0.29,"MEAN_HT_daysExceeding35C":21.02,"HT_waveMax35CMin24C_mean":0.23,"Shape__Area":0.0013563437662469369,"Shape__Length":0.2529017092231912},"geometry":{"type":"Polygon","coordinates":[[[-84.4430523335983,33.7056460654136],[-84.4496975321154,33.705694000178],[-84.4496767343937,33.6980589628509],[-84.4536184458346,33.6991468133748],[-84.4548629537622,33.6993655365903],[-84.4558531783815,33.6994084549363],[-84.4569418167114,33.6993314271037],[-84.4575602103354,33.6992237467786],[-84.458165463965,33.6990723594019],[-84.4590333133367,33.6987622596706],[-84.4597638533191,33.6984387735306],[-84.4612724966284,33.6977440184717],[-84.4630063877346,33.6977898281381],[-84.4633706032707,33.697695893051],[-84.4645779278291,33.6977212134633],[-84.4650367097763,33.6978552780986],[-84.4667014762921,33.6979089586316],[-84.4769831932198,33.6980421140524],[-84.4770750850471,33.6931179022694],[-84.4824386570183,33.6932188223908],[-84.4824579924423,33.6910144320705],[-84.4838003340182,33.6909766398601],[-84.4863403720105,33.6906838170046],[-84.4865608543,33.6743940019817],[-84.4875539423605,33.6744257804255],[-84.4875587492368,33.673876112093],[-84.4918870261653,33.6739621340453],[-84.4921040307764,33.6661232437927],[-84.4976658780778,33.6661247123856],[-84.4976837179292,33.6671353444207],[-84.4980474262477,33.6700557893433],[-84.4982357361902,33.6711618097698],[-84.4986000785308,33.6733821261842],[-84.4986076463258,33.6734267658326],[-84.4987318570895,33.6743148121789],[-84.49908946081,33.6764853322323],[-84.4991634021692,33.6769073355052],[-84.4996283093989,33.6798333400367],[-84.4999262242158,33.6833492953338],[-84.4999191222697,33.6834255785277],[-84.4999329439502,33.6840256943304],[-84.4999564819061,33.6850139782126],[-84.4999711786269,33.6856274903164],[-84.4999812186583,33.6860994788079],[-84.5000623186211,33.6898623276844],[-84.5000582437929,33.6898712705428],[-84.5000642179892,33.690141272202],[-84.5000682703344,33.690339480083],[-84.5000713055463,33.6904868483894],[-84.5000784596531,33.6908495998292],[-84.5000881948143,33.6916675269349],[-84.5001069519742,33.6933318959503],[-84.500111827199,33.6937430920701],[-84.5000959982317,33.6939008160699],[-84.4999438967934,33.6953811676069],[-84.4996116710417,33.6966205017348],[-84.4995146431862,33.6970381558862],[-84.4991225028012,33.6983044444946],[-84.4990161417815,33.6986475763246],[-84.4984689636717,33.7002155578018],[-84.4978885816927,33.7021326551979],[-84.4976582815045,33.7038131481583],[-84.4975735374887,33.7052946885991],[-84.4977385406011,33.7071627216823],[-84.4979921692032,33.7085588445151],[-84.4988369851387,33.7108307613306],[-84.4993486283365,33.7117582960086],[-84.5001469897917,33.7132676848559],[-84.500617129277,33.7140853961242],[-84.5007631333119,33.7146346525672],[-84.5009695852781,33.7151790733556],[-84.5004215312287,33.7151920074053],[-84.5005126577329,33.7157242360847],[-84.5013595178274,33.7167926189842],[-84.5015318270322,33.7171716166768],[-84.5018550397782,33.718254583882],[-84.5016280661823,33.7182418018177],[-84.5013959124913,33.7179531778969],[-84.5009798159657,33.7177224199538],[-84.5000086830543,33.717474265525],[-84.4994070815715,33.7173212989388],[-84.4992218715921,33.7172640840703],[-84.4988279136772,33.7168020636644],[-84.4984915375544,33.7167741109365],[-84.4983054606284,33.7167048739308],[-84.4982489679155,33.7165524964007],[-84.4979158140635,33.716292993427],[-84.4978774831593,33.7161598065299],[-84.4977405541832,33.7160426842225],[-84.4975543387617,33.7159366892269],[-84.4973821716499,33.7158495494172],[-84.4972974618084,33.7156278539424],[-84.4971598691326,33.7155516148152],[-84.4969131877933,33.71554299931],[-84.4966980420809,33.7156109062184],[-84.4964276123444,33.715626744179],[-84.4960754396298,33.7157668144869],[-84.4957982146159,33.71594138099],[-84.4953377959025,33.7161549097214],[-84.4950621231184,33.7165221919457],[-84.4946693514094,33.7165812917933],[-84.4941844216737,33.7166210553175],[-84.4937230280952,33.7167964482975],[-84.493006995976,33.7168175796676],[-84.4923599724348,33.7166066409837],[-84.4918272338397,33.7163960854111],[-84.4914339720002,33.7161071782037],[-84.491039747886,33.7157801415403],[-84.4908776621743,33.7155297882692],[-84.4905994380136,33.7152216823348],[-84.490228384932,33.714933058414],[-84.4900423898444,33.7146635279994],[-84.4897881290189,33.7146061368638],[-84.4896265559208,33.7144907889189],[-84.4894411417952,33.7143755030271],[-84.4893252191835,33.7143758060986],[-84.4891641515043,33.7143954652785],[-84.4890255704736,33.7144923591351],[-84.4887715281835,33.7144930219355],[-84.4886054045158,33.7144797137678],[-84.4884470006285,33.7145522683725],[-84.4883557877893,33.7147850767699],[-84.4882476416153,33.7148867010604],[-84.4880746120537,33.715006013217],[-84.4878935551434,33.7149566719129],[-84.4877225346672,33.7149536816671],[-84.4874415136149,33.7149952923989],[-84.4870491699832,33.7151694506097],[-84.4867320483453,33.7154529996562],[-84.4866903117085,33.7157272461156],[-84.4863714633723,33.7159895001154],[-84.4861472066282,33.7162638760771],[-84.4859443366618,33.716319366046],[-84.4857857007494,33.7163307685502],[-84.4855832894372,33.7165106149729],[-84.4855567351552,33.7166666482473],[-84.485656000524,33.7170521777159],[-84.4854287913057,33.7171967050639],[-84.4852951718347,33.7175261528097],[-84.4850023318921,33.7177100111082],[-84.4848119058448,33.7177967282365],[-84.4844861345275,33.71774603705],[-84.4842995081158,33.7177482349931],[-84.4842556742599,33.7176779232976],[-84.4839668066228,33.7176013712063],[-84.4838219573174,33.7173382538574],[-84.4837045966897,33.7171715986904],[-84.4836137372841,33.7170574351526],[-84.4835729080632,33.7166858388804],[-84.4834147739726,33.7166106663492],[-84.4832362522512,33.7165802063115],[-84.4830301321348,33.7164227098402],[-84.4827128738,33.7162253041545],[-84.4823243612802,33.7161026258356],[-84.4822257344301,33.7158867957391],[-84.4821685924066,33.7157739200304],[-84.4820443420727,33.7157453800453],[-84.4818749106985,33.715727261404],[-84.4817726514867,33.7156423267321],[-84.4816595338604,33.7155103557184],[-84.4813201198276,33.715322621342],[-84.4811957687697,33.7152665980751],[-84.4811498952514,33.7150870475293],[-84.4811944593568,33.7149076111974],[-84.4812039076342,33.7145674893982],[-84.481236962216,33.7143884244862],[-84.480943113234,33.7142943571989],[-84.4807849530631,33.7142099072615],[-84.4806940019266,33.7140686039829],[-84.4806028457447,33.7138706164358],[-84.4802977651297,33.7138524977946],[-84.4800492383816,33.7137868266008],[-84.4799583591909,33.7136647598209],[-84.4799152438933,33.7135645582578],[-84.4799594069011,33.7135005490112],[-84.4798958149399,33.7134213538125],[-84.4797812494051,33.7133419445751],[-84.4797741906264,33.7132093593245],[-84.4797737859315,33.7130977120898],[-84.4794491747396,33.7129078732997],[-84.4768085385832,33.7129251816519],[-84.476794338288,33.7124054526496],[-84.4761679460938,33.71242523054],[-84.4761473929877,33.7124252818014],[-84.4759558212041,33.712420952465],[-84.4754066735791,33.7124309142553],[-84.4753869424534,33.7124309637181],[-84.474547611483,33.7124492046671],[-84.4745291852736,33.7124052961676],[-84.4723701981261,33.7121530075553],[-84.4723638138389,33.712284710571],[-84.4699647490739,33.7119470924844],[-84.4699248299669,33.7119989330044],[-84.4699150075715,33.7120113238636],[-84.4697814357646,33.7121349797455],[-84.4697420949217,33.7121694291758],[-84.4696371647233,33.712255570738],[-84.4696265068578,33.7122638418029],[-84.4694280885354,33.7124168560531],[-84.4688927230207,33.7128410563697],[-84.4687361285694,33.7129651106514],[-84.4687295716124,33.7129706234956],[-84.4686559144388,33.713066305066],[-84.4686510014425,33.7130721578538],[-84.4686070308897,33.7131935330552],[-84.4685828445226,33.7133299736994],[-84.4685933584967,33.713515111733],[-84.4686361455417,33.7142298991906],[-84.4686466496232,33.7144122888961],[-84.4686555475155,33.7146056764109],[-84.4686740636571,33.714962905114],[-84.4686953074424,33.7151600410031],[-84.4687046576938,33.7152476187827],[-84.4687449635092,33.7154879931764],[-84.4687474699198,33.7154993237348],[-84.4688619482203,33.7157907031785],[-84.4689009275357,33.7158867966384],[-84.4689672678251,33.716048781626],[-84.4690294667365,33.7162018444396],[-84.4691609647067,33.7166567026447],[-84.4692044208473,33.7168572199848],[-84.4692335741701,33.7171993068026],[-84.4692282420897,33.7175541882752],[-84.4692285847314,33.7176520947684],[-84.4692274533842,33.7180327310257],[-84.4692120345077,33.7190279828552],[-84.4692103177019,33.7192416635719],[-84.4691963584252,33.7206532718311],[-84.4685250981547,33.7207916406218],[-84.4678850335674,33.720916874814],[-84.4672080230318,33.7210583417691],[-84.4669171687923,33.7211181367927],[-84.4667479973222,33.7211772914989],[-84.4664753795351,33.7212799832847],[-84.4658825536369,33.721514335818],[-84.4657060194172,33.7215841564837],[-84.4648840039936,33.7218808949874],[-84.4643165569635,33.7220859781854],[-84.4641941934073,33.7221285278094],[-84.4640439068008,33.7221811066728],[-84.4634067659095,33.7224440666404],[-84.4630016519047,33.7225147767356],[-84.4628652427367,33.722538463979],[-84.4627764688589,33.7225462341215],[-84.4627526314288,33.7225483529242],[-84.4625274097122,33.7225681308146],[-84.4622510768257,33.7225495544184],[-84.4620511890111,33.7225242672812],[-84.4617401809646,33.7224642060583],[-84.4605110523432,33.7222520856653],[-84.4599680569802,33.7221561567812],[-84.4583292062279,33.721865973436],[-84.4578750584871,33.7217828805755],[-84.4568425360542,33.7215939626913],[-84.4564566945208,33.7215282231491],[-84.4555591450385,33.7213757368008],[-84.4554620668209,33.7213587872782],[-84.454771827258,33.721239476021],[-84.4546525762553,33.721230478304],[-84.4542495864492,33.7211991243402],[-84.4538657333169,33.7212354029915],[-84.4534286061452,33.7213229879656],[-84.4530836387988,33.7214326881681],[-84.4527190878156,33.7215874354119],[-84.4523129431877,33.7218449949506],[-84.4519470522147,33.7220928391133],[-84.4519939698458,33.7218598166772],[-84.4524896338895,33.7195862037403],[-84.4525657507088,33.719233218938],[-84.4528823390486,33.7177594180628],[-84.4529106604986,33.7176222831419],[-84.4532375038077,33.7160220366877],[-84.4534316674375,33.7150724056671],[-84.4535121225863,33.7147901777246],[-84.4535421950163,33.7146856747042],[-84.453968694,33.713391969364],[-84.4540199751417,33.7132376034327],[-84.4542454369773,33.7125565396526],[-84.4545612474036,33.7116045614014],[-84.4547587744978,33.7111774328923],[-84.4548542735059,33.7109707471024],[-84.4552883474792,33.7102325116211],[-84.4554735790424,33.7098177784678],[-84.4555531726407,33.7095273073394],[-84.4556113551799,33.7092262359021],[-84.4556419779948,33.7083054956022],[-84.4556507373916,33.7079753391906],[-84.4556681419712,33.7072810185043],[-84.4556725504478,33.7071247001448],[-84.4553548181703,33.7072480853309],[-84.4552152640732,33.7073078425829],[-84.4549673497634,33.7074138852427],[-84.4548401091836,33.707468460601],[-84.4545839525873,33.7075686819492],[-84.4538072737866,33.7078731429312],[-84.4537407707199,33.7078990622919],[-84.4533860906955,33.7080379868636],[-84.4531209013085,33.7081423486905],[-84.4518901754911,33.7086227080716],[-84.4514189001621,33.7088065546788],[-84.4513417131495,33.708833871586],[-84.4509558536297,33.7089938160119],[-84.4506873619322,33.7090950895668],[-84.4505806204992,33.7091351840415],[-84.450188973842,33.7092858645511],[-84.4488178188872,33.7098225107003],[-84.448610118662,33.7099119590697],[-84.4483589676922,33.7100389532351],[-84.4481070406074,33.7101800325825],[-84.4479052318409,33.710311721209],[-84.4477099962193,33.7104430528047],[-84.4472677024425,33.7106968981434],[-84.4469214886358,33.7109178885498],[-84.4467113539458,33.7110190209111],[-84.446434570499,33.7111020957851],[-84.4459612986749,33.7111852704839],[-84.4458495489175,33.7112030437855],[-84.4454691024171,33.7112636769772],[-84.4438520548284,33.7115393947273],[-84.4436795055047,33.7115693259637],[-84.4427945663161,33.7117217745403],[-84.4424042920244,33.7117954757807],[-84.4422415929751,33.711820916702],[-84.4421010793013,33.7118428727504],[-84.4419076000557,33.7118722985678],[-84.4419562884519,33.7056599635366],[-84.4430523335983,33.7056460654136]]]}},{"type":"Feature","properties":{"NPU":"S","OBJECTID_1":20,"OBJECTID":20,"GlobalID":"{3FDB0CF4-B03D-42CA-9BF2-332D0A875D3F}","NPU_1":null,"scenario":"ssp126","year":2025,"MEAN_FL_depth10":0.03,"MEAN_FL_depth20":0.03,"MEAN_FL_depth50":0.03,"MEAN_FL_depth100":0.04,"MEAN_FL_depth200":0.04,"MEAN_FL_depth500":0.04,"MEAN_DT_monthsExtreme3moSPEI":0.19,"MEAN_DT_totalWaterStress":0.29,"MEAN_HT_daysExceeding35C":20.1,"HT_waveMax35CMin24C_mean":0.24,"Shape__Area":0.0009786938383058441,"Shape__Length":0.18023581404134878},"geometry":{"type":"Polygon","coordinates":[[[-84.4288087082552,33.699746436349],[-84.4293021069067,33.6997169134049],[-84.4378213091061,33.6997688960178],[-84.4378424072013,33.7009393582648],[-84.4431259709867,33.7009984356293],[-84.4430608960435,33.7056460465279],[-84.4419648517965,33.7056599446508],[-84.4419161634002,33.711872279682],[-84.4421096426458,33.7118428538647],[-84.442250157219,33.7118208978162],[-84.4424128562683,33.7117954568949],[-84.44280313056,33.7117217556545],[-84.4436880688493,33.7115693070779],[-84.4438606190723,33.7115393758416],[-84.445477666661,33.7112636580914],[-84.4458581113627,33.7112030240004],[-84.4459698629188,33.7111852515981],[-84.4464431338435,33.711102076],[-84.4467199181896,33.711019001126],[-84.4469300519803,33.710917869664],[-84.4472762666863,33.7106968783583],[-84.4477185604632,33.7104430330196],[-84.4479137942861,33.710311701424],[-84.4481156048512,33.7101800127974],[-84.448367531936,33.7100389334501],[-84.4486186811072,33.7099119401839],[-84.4488263831311,33.7098224909153],[-84.4501975371866,33.709285844766],[-84.4505891838437,33.7091351651558],[-84.4506959243774,33.7090950697817],[-84.4509644178735,33.7089937962268],[-84.4513502773934,33.7088338518009],[-84.4514274635066,33.7088065348937],[-84.451898739735,33.7086226882865],[-84.4531294655524,33.7081423289054],[-84.4533946531407,33.7080379661792],[-84.4537493340645,33.7078990425069],[-84.4538158371311,33.7078731231462],[-84.4545925168312,33.7075686621641],[-84.4548486725282,33.7074684408159],[-84.4549759122086,33.7074138654576],[-84.4552238274177,33.7073078218985],[-84.4553633815148,33.7072480655459],[-84.4556811146916,33.7071246803598],[-84.4556767053157,33.7072809987192],[-84.4556593007361,33.7079753194055],[-84.4556505422387,33.7083054758171],[-84.4556199185244,33.709226216117],[-84.455561735086,33.7095272875544],[-84.4554821414876,33.7098177577834],[-84.4552969117231,33.7102324918361],[-84.4548628368504,33.7109707273173],[-84.4547673387416,33.7111774131072],[-84.4545698107481,33.7116045416163],[-84.4542540012212,33.7125565198676],[-84.4540285384862,33.7132375836476],[-84.4539772573445,33.7133919486795],[-84.4535507592601,33.7146856540198],[-84.4535206868302,33.7147901579395],[-84.453440230782,33.715072385882],[-84.4532460689509,33.7160220169026],[-84.4529192238431,33.7176222633568],[-84.4528909032925,33.7177593982777],[-84.452574315852,33.7192331991529],[-84.4524981990326,33.719586183056],[-84.4520025349889,33.7218597968921],[-84.4519556173578,33.7220928193282],[-84.4523215074316,33.7218449751655],[-84.4527276529588,33.7215874156268],[-84.453092203942,33.721432668383],[-84.4534371703891,33.7213229681805],[-84.4538742975607,33.7212353823071],[-84.4542581515924,33.7211991045551],[-84.4546611413985,33.7212304585189],[-84.4547803924012,33.721239456236],[-84.4554706310647,33.7213587665939],[-84.455567708383,33.7213757161165],[-84.456465259664,33.721528203364],[-84.4568511020967,33.7215939420068],[-84.4578836245296,33.7217828598911],[-84.4583377695724,33.7218659536509],[-84.459976621224,33.7221561360968],[-84.460519616587,33.7222520649809],[-84.4617487470071,33.7224641853739],[-84.4620597532549,33.7225242465968],[-84.4622596419688,33.722549533734],[-84.462535973956,33.7225681101302],[-84.4627611965719,33.7225483322398],[-84.4627850340021,33.7225462134371],[-84.4628738078799,33.7225384432946],[-84.4630102161485,33.7225147560512],[-84.4634153310527,33.722444045956],[-84.4635025392108,33.72245929576],[-84.4637608721665,33.7225040208439],[-84.4642018907047,33.7225922776116],[-84.4651596255163,33.7227833754525],[-84.4657111248685,33.7246175337722],[-84.4661939672777,33.7264590863178],[-84.4663190962493,33.7269740803895],[-84.4647840866162,33.7269434422861],[-84.4638112944556,33.7270087672409],[-84.4635505944843,33.7269177864268],[-84.4622623642167,33.7269151505138],[-84.4570066569316,33.7269047165794],[-84.4570756295366,33.7311070947167],[-84.4570221144789,33.7335291200729],[-84.4562407897806,33.733496601487],[-84.453898973159,33.7340459964257],[-84.4530899106708,33.7339161882815],[-84.4519927125936,33.733689707514],[-84.450938697263,33.7336168876093],[-84.4507487505543,33.73362076009],[-84.4506731040805,33.7336233384464],[-84.4505464804357,33.73362809586],[-84.4498937911655,33.7337020794874],[-84.4495303895158,33.7337235247209],[-84.4491175917034,33.7337279044193],[-84.448973674995,33.733725485243],[-84.4484062324616,33.7337157887527],[-84.4482384648333,33.7337120484723],[-84.4481340193694,33.7337095384645],[-84.4474942380686,33.733707903497],[-84.4473988469792,33.7337077766926],[-84.4452623806543,33.7336950953524],[-84.4451275165216,33.7336947122412],[-84.4439688362927,33.7336911365368],[-84.4438282129017,33.7336900780347],[-84.4414820372662,33.7336726482741],[-84.4413965162362,33.7336731824714],[-84.440792115164,33.7336776170284],[-84.4405363587659,33.7336744055494],[-84.4390939307403,33.7336573283231],[-84.4389270048773,33.733660100933],[-84.438841485646,33.7336613204137],[-84.4386720542719,33.7336513874017],[-84.4384655942118,33.7336343218665],[-84.4377998207052,33.7334736390972],[-84.4376549399235,33.7334258617142],[-84.4375324018988,33.7334223516602],[-84.4374402915362,33.7334194621385],[-84.43734565228,33.7333969961745],[-84.4372954521234,33.7333850828554],[-84.4361967629702,33.7333675613639],[-84.4354138635589,33.7333548386549],[-84.4350314610331,33.7333487997074],[-84.4338965723689,33.7333258400155],[-84.4334607087447,33.7333168198155],[-84.4316407687065,33.7332774537915],[-84.4303019263928,33.7332487141569],[-84.4298792207494,33.7332393099463],[-84.4293849668427,33.7332286826576],[-84.4275255573585,33.7331889955757],[-84.4274482444409,33.733184349678],[-84.4271217185924,33.7331644269968],[-84.4254418578554,33.7329873019225],[-84.4248431710755,33.7328555395516],[-84.4247799010715,33.7328951483925],[-84.4244780112512,33.7327888179497],[-84.4241796899407,33.732642719486],[-84.4240078816584,33.7326232680495],[-84.4210393661738,33.7307218485345],[-84.4167329391738,33.7279631799568],[-84.4155135349217,33.7271212400532],[-84.4150966344021,33.7268331692154],[-84.4146985773774,33.7265199803129],[-84.4143201885258,33.7261827030694],[-84.4139639373857,33.7258223654099],[-84.4136306522328,33.7254410231847],[-84.4133219788262,33.7250393634759],[-84.413037922562,33.7246191030892],[-84.4127817794555,33.7241822969755],[-84.4114132307359,33.7219071866674],[-84.4109730188896,33.7213097391532],[-84.4150507177164,33.7228016982398],[-84.4164503676903,33.7234429993949],[-84.4179625570263,33.7242386224145],[-84.4180243431489,33.7221844008894],[-84.4185686749044,33.7221908490285],[-84.4187578463975,33.722211420121],[-84.4198399574481,33.7222325667796],[-84.4207058103249,33.7222493391358],[-84.4212098326676,33.7222483013181],[-84.4224506569722,33.7222773431249],[-84.4227738256515,33.7222890406068],[-84.4232208444664,33.7216446754614],[-84.4236022145705,33.7210454490883],[-84.4239659804456,33.7203349522962],[-84.4242478099884,33.7197218466859],[-84.4244972522463,33.7190019681664],[-84.4247080047706,33.7182680854038],[-84.4267479432629,33.711753510716],[-84.4268585319956,33.7113489399017],[-84.4269510056843,33.7109351312513],[-84.4288087082552,33.699746436349]]]}},{"type":"Feature","properties":{"NPU":"T","OBJECTID_1":19,"OBJECTID":19,"GlobalID":"{BF3BBE3B-51F2-487F-B4EF-BB441BCB62E8}","NPU_1":null,"scenario":"ssp126","year":2025,"MEAN_FL_depth10":0.04,"MEAN_FL_depth20":0.05,"MEAN_FL_depth50":0.05,"MEAN_FL_depth100":0.06,"MEAN_FL_depth200":0.07,"MEAN_FL_depth500":0.08,"MEAN_DT_monthsExtreme3moSPEI":0.19,"MEAN_DT_totalWaterStress":0.29,"MEAN_HT_daysExceeding35C":21.63,"HT_waveMax35CMin24C_mean":0.23,"Shape__Area":0.0006896616182530124,"Shape__Length":0.1292968779513345},"geometry":{"type":"Polygon","coordinates":[[[-84.4474942380686,33.733707903497],[-84.4473571849861,33.7345505547643],[-84.4473168800699,33.7348000509816],[-84.4472086358698,33.7353990723094],[-84.4470454682737,33.7363053362224],[-84.4469832675637,33.7366500400673],[-84.4469187816764,33.7370507446961],[-84.4468720232252,33.7373394162811],[-84.4466930167692,33.7384350018739],[-84.4467953686113,33.7387072122681],[-84.4468124008716,33.7388457141585],[-84.4466799037545,33.7439997315025],[-84.4402524994533,33.7439885412383],[-84.4402681854284,33.7458202147312],[-84.4402274704214,33.7475029209231],[-84.4402231482796,33.7479959562484],[-84.4396308619746,33.7477220371424],[-84.4388876091758,33.7474828660415],[-84.4383926852742,33.7472857382463],[-84.4378757594587,33.7471528975882],[-84.4369731548871,33.7470370460229],[-84.4362605923524,33.7469382923683],[-84.4359308082601,33.7469451955644],[-84.435085272867,33.7469308909479],[-84.4347127170182,33.7469371969941],[-84.4335703918601,33.7469606270313],[-84.4326335420043,33.7469389452762],[-84.4311664194946,33.7467194891132],[-84.4308469731093,33.7466112736914],[-84.4283919687143,33.7487876204524],[-84.4278284292386,33.7492838420757],[-84.4275538401376,33.7495953177698],[-84.427169558928,33.7500798212268],[-84.426936053556,33.7503791857509],[-84.4267438135761,33.7507255272614],[-84.4265249131942,33.7512326963319],[-84.4263470668636,33.7517164182781],[-84.4258344290157,33.7535584780414],[-84.4254670613557,33.7536585294176],[-84.4248518315467,33.7539394515445],[-84.4244617488106,33.7541460420063],[-84.4240634516669,33.7543564267078],[-84.4239106406635,33.7544172064889],[-84.4232648959581,33.7546741383009],[-84.4226812215611,33.7547835624115],[-84.4219788600363,33.7548121554566],[-84.421329792336,33.7547829220943],[-84.4212105089578,33.7547776718521],[-84.4204002782502,33.7547666290767],[-84.4199355257039,33.7547600253549],[-84.4198483337336,33.7547588301559],[-84.4186918010857,33.7547426459564],[-84.4186473817712,33.7547420497059],[-84.4180189490152,33.7547371475014],[-84.4175583189612,33.7547332750207],[-84.4150873614925,33.7547128505177],[-84.4146843087338,33.7547095392139],[-84.4143840772633,33.7547070498905],[-84.4142294352402,33.7547056424515],[-84.4139111076115,33.754703189101],[-84.4135532952483,33.7547001260101],[-84.4134554112382,33.7546992914392],[-84.4127710613354,33.7546989398043],[-84.4117930656974,33.754698824691],[-84.4100739648416,33.7546984469758],[-84.4078588752868,33.7546979856236],[-84.4075800341912,33.7546978426314],[-84.4073842715669,33.7546978813022],[-84.4065279964698,33.7546926769256],[-84.4054734874115,33.754686132559],[-84.4048804294882,33.754682468721],[-84.4041854154245,33.7546927398781],[-84.4027984998509,33.7546493673744],[-84.4027998614245,33.7545459624263],[-84.4028011015895,33.7543982415856],[-84.4028037635828,33.7538688556632],[-84.4027930265769,33.753252924383],[-84.4028084274669,33.7528698572581],[-84.402811636248,33.7522401582568],[-84.4028890265074,33.7516673440727],[-84.4029374001408,33.7513110092957],[-84.4031380667683,33.7510024770827],[-84.4033026921655,33.7507489797816],[-84.4036376761378,33.7502333840634],[-84.4039079538889,33.7498178792918],[-84.4042159024419,33.7493435570595],[-84.4045288647153,33.7488987685634],[-84.4051580555998,33.7480050600855],[-84.4056168294531,33.7473524931231],[-84.4057814971184,33.7471189167047],[-84.4058142648165,33.7470717895315],[-84.4061922966371,33.7466677511159],[-84.4065645835886,33.7462695618908],[-84.4063436768192,33.7460934152789],[-84.4059571401099,33.7458035377032],[-84.4054717085525,33.7454399903633],[-84.4047369651388,33.7447364822029],[-84.4052972769477,33.7442255998316],[-84.4053695869368,33.7442024431883],[-84.406793596847,33.7437462207116],[-84.4075125445682,33.7435029738832],[-84.4082331353509,33.7432607504833],[-84.4083613130242,33.743217557844],[-84.4084525159708,33.7431868055267],[-84.4090670910734,33.7429736419201],[-84.4096996076507,33.7427078787657],[-84.4098055127142,33.7426417120454],[-84.4105920013197,33.7421502847079],[-84.4111959644222,33.7416798259633],[-84.4112936155079,33.7416037109426],[-84.4115419533984,33.7413036593364],[-84.4115640731234,33.7412737281001],[-84.4119189617906,33.7408473882964],[-84.4120630080014,33.7406025065005],[-84.4122455173167,33.7402915919834],[-84.4124350962027,33.7398648915516],[-84.4124661488936,33.7397950924696],[-84.4127037093087,33.7391800407264],[-84.41282099889,33.7384948049913],[-84.4128342764806,33.7382488089355],[-84.41287252105,33.7375304071027],[-84.4128263876277,33.7354868281546],[-84.4128367631061,33.734512550314],[-84.4129561642955,33.7339935785409],[-84.4130382058485,33.7336385459822],[-84.4132014966517,33.7332270126166],[-84.4135370427003,33.7323781605238],[-84.4136006040846,33.7321320277709],[-84.4144481791401,33.7309486161857],[-84.4149985462459,33.7301762802112],[-84.4156997854167,33.729258666854],[-84.4161528935412,33.7286988253906],[-84.4167329391738,33.7279631799568],[-84.4240078816584,33.7326232680495],[-84.4242175576941,33.7326638436615],[-84.4244536306305,33.7327785189136],[-84.4247799010715,33.7328951483925],[-84.4248431710755,33.7328555395516],[-84.4254418578554,33.7329873019225],[-84.4271217185924,33.7331644269968],[-84.4274482444409,33.733184349678],[-84.4275255573585,33.7331889955757],[-84.4293849668427,33.7332286826576],[-84.4298792207494,33.7332393099463],[-84.4303019263928,33.7332487141569],[-84.4316407687065,33.7332774537915],[-84.4334607087447,33.7333168198155],[-84.4338965723689,33.7333258400155],[-84.4350314610331,33.7333487997074],[-84.4354138635589,33.7333548386549],[-84.4361967629702,33.7333675613639],[-84.4372954521234,33.7333850828554],[-84.43734565228,33.7333969961745],[-84.4374402915362,33.7334194621385],[-84.4375324018988,33.7334223516602],[-84.4376549399235,33.7334258617142],[-84.4377998207052,33.7334736390972],[-84.4384655942118,33.7336343218665],[-84.4386720542719,33.7336513874017],[-84.438841485646,33.7336613204137],[-84.4389270048773,33.733660100933],[-84.4390939307403,33.7336573283231],[-84.4405363587659,33.7336744055494],[-84.440792115164,33.7336776170284],[-84.4413965162362,33.7336731824714],[-84.4414820372662,33.7336726482741],[-84.4438282129017,33.7336900780347],[-84.4439688362927,33.7336911365368],[-84.4451275165216,33.7336947122412],[-84.4452623806543,33.7336950953524],[-84.4473988469792,33.7337077766926],[-84.4474942380686,33.733707903497]]]}},{"type":"Feature","properties":{"NPU":"V","OBJECTID_1":17,"OBJECTID":17,"GlobalID":"{3D400201-EFD3-4D8B-8232-712109E7222D}","NPU_1":null,"scenario":"ssp126","year":2025,"MEAN_FL_depth10":0.06,"MEAN_FL_depth20":0.08,"MEAN_FL_depth50":0.09,"MEAN_FL_depth100":0.11,"MEAN_FL_depth200":0.13,"MEAN_FL_depth500":0.15,"MEAN_DT_monthsExtreme3moSPEI":0.19,"MEAN_DT_totalWaterStress":0.26,"MEAN_HT_daysExceeding35C":24.08,"HT_waveMax35CMin24C_mean":0.25,"Shape__Area":0.0007983149916981347,"Shape__Length":0.11965402787584058},"geometry":{"type":"Polygon","coordinates":[[[-84.4040201982735,33.7435636718261],[-84.4038044949814,33.743182422231],[-84.4035835693262,33.7426960616739],[-84.402663651906,33.7431317040649],[-84.4021519430577,33.7433741837716],[-84.4013552588381,33.7437676704417],[-84.4007950648403,33.7440267264523],[-84.3999737077204,33.7444243733862],[-84.3993354939379,33.7447285726656],[-84.3980525112144,33.7450439406254],[-84.397526493253,33.7451730625868],[-84.3971499471123,33.7452232348645],[-84.3956042958015,33.7454284511621],[-84.3955277931731,33.7454234401397],[-84.394465828735,33.7453536059842],[-84.3942083591284,33.7453365602341],[-84.3937049914921,33.7453251199584],[-84.393351317809,33.7453171816427],[-84.3922853639783,33.7452930258525],[-84.392249166266,33.7452893134511],[-84.3918822545623,33.7452504771279],[-84.3916527277911,33.745226160359],[-84.3909649748537,33.7451535526944],[-84.3904785612366,33.7450194278044],[-84.3900986246518,33.7449144769216],[-84.3889569362136,33.7458947379519],[-84.3869048029143,33.7474586221178],[-84.3851916267921,33.7482756112306],[-84.3838954878864,33.7478629168402],[-84.3838477581675,33.7478526951458],[-84.3835383446189,33.7477872811581],[-84.3822009951797,33.7474533053258],[-84.3821639826816,33.747452682995],[-84.381504311075,33.7474318466025],[-84.3807081331738,33.74741983166],[-84.3807178251674,33.7473483607383],[-84.3807298518012,33.7468790000659],[-84.3804682695949,33.746876780539],[-84.380477510129,33.7456290566357],[-84.3804890205518,33.7439697786824],[-84.3804564839795,33.7434528186927],[-84.3810469788349,33.743448703395],[-84.3811283998558,33.7434489048431],[-84.3815412597213,33.7434495613483],[-84.3815393855342,33.7430277082622],[-84.3815378548881,33.742413818443],[-84.3815367199437,33.7416288496917],[-84.3815365877433,33.741575602632],[-84.3815347396365,33.7408346080308],[-84.3815334428141,33.7399847118251],[-84.3815321477903,33.7394649504471],[-84.3815307286602,33.7385659287746],[-84.3815291746317,33.7379427633479],[-84.379867217598,33.7379218163388],[-84.3798921477044,33.7367442692327],[-84.3798491960835,33.7366677351279],[-84.3798759680015,33.7355226958158],[-84.3798767027476,33.7354873110906],[-84.379890292403,33.7343319880309],[-84.3799045835297,33.7331282256871],[-84.3799133186447,33.732337742293],[-84.3799221805642,33.7315984447125],[-84.3799327565914,33.7315523931285],[-84.3797115395558,33.731546935143],[-84.3785100560942,33.7315139615002],[-84.3785200970248,33.7309151668015],[-84.3785276926988,33.7303253077668],[-84.378542814799,33.7291174220314],[-84.3785509599588,33.728416600146],[-84.3785612895718,33.7276006920184],[-84.3785641925834,33.7274436928722],[-84.3785619155,33.7265171888172],[-84.3785413156291,33.7248263545526],[-84.3785635162932,33.7248263167812],[-84.3785799091355,33.7243210875482],[-84.3802723954547,33.7243324855558],[-84.3805738985665,33.7243376899325],[-84.3809884464596,33.7243369713742],[-84.3815125551603,33.7243074322423],[-84.381837975742,33.7242868269755],[-84.3821701700173,33.7242347175582],[-84.3824612526846,33.7241826791873],[-84.3827831389307,33.7241191357895],[-84.3831563431906,33.7240268734415],[-84.3836458576702,33.7238656987431],[-84.3839573054852,33.7237391893122],[-84.3843782610479,33.7235638188153],[-84.3850728946983,33.7232305102799],[-84.3903044138176,33.7206045708443],[-84.3914509055348,33.7201530338355],[-84.3927173731083,33.719732757261],[-84.3932055637857,33.7195885878431],[-84.39349784435,33.7194965791039],[-84.3938641885814,33.719412884597],[-84.394463592121,33.7193688394005],[-84.3951111084908,33.7193819569118],[-84.3954720253137,33.7194579891949],[-84.395801748252,33.7194656226404],[-84.396218247674,33.7196060643684],[-84.3966021925371,33.7196998213897],[-84.3970032973642,33.7198049962037],[-84.3978945569881,33.7200065882335],[-84.3987136792928,33.7201338773766],[-84.4024825509289,33.7202899160469],[-84.4060800315681,33.7204060949654],[-84.4078274232969,33.7204771279171],[-84.4084545232576,33.7205360200214],[-84.4095171747778,33.7207600942031],[-84.4099046854528,33.7208967452886],[-84.4109815849322,33.7213097220661],[-84.4114217958792,33.7219071695803],[-84.4127903436994,33.7241822798883],[-84.4130464886046,33.7246190860021],[-84.4133305439694,33.7250393463888],[-84.4136392173759,33.7254410060976],[-84.4139725025289,33.7258223483228],[-84.414328753669,33.7261826859822],[-84.4147071425206,33.7265199632258],[-84.4151052004446,33.7268331521283],[-84.4155221009642,33.7271212229661],[-84.4167415052162,33.7279631628697],[-84.4161614595836,33.7286988083034],[-84.4157083514592,33.7292586497669],[-84.4150071122884,33.7301762631241],[-84.414456746082,33.7309485990986],[-84.4136091701271,33.7321320106838],[-84.4132100617949,33.7332269955295],[-84.4130467718909,33.733638528895],[-84.4129647312373,33.7339935614538],[-84.4128453300479,33.7345125332269],[-84.4128349536701,33.7354868110675],[-84.4128810870924,33.7375303900155],[-84.4128428425231,33.7382487918483],[-84.4128295640331,33.7384947879042],[-84.4127122753512,33.7391800236392],[-84.4124747158355,33.7397950753825],[-84.4124436640438,33.7398648744644],[-84.4122540833592,33.7402915748963],[-84.4120715740439,33.7406024903127],[-84.4119275287324,33.7408473712093],[-84.4115726400652,33.7412737119123],[-84.4115505194409,33.7413036422494],[-84.4113021824497,33.7416036938554],[-84.4112045304647,33.7416798088761],[-84.4106005673623,33.7421502676208],[-84.4098140805553,33.7426416949583],[-84.4097081745925,33.7427078616785],[-84.4090756571159,33.742973624833],[-84.4084610820133,33.7431867884396],[-84.408369879966,33.7432175416563],[-84.4082417022927,33.7432607333962],[-84.4075211115101,33.7435029576954],[-84.4068021637888,33.7437462036244],[-84.405378154778,33.7442024270005],[-84.4053058429902,33.7442255836438],[-84.4047455311813,33.7447364660151],[-84.4046366808381,33.7446318991429],[-84.4043706415918,33.744192003858],[-84.4040201982735,33.7435636718261]]]}},{"type":"Feature","properties":{"NPU":"W","OBJECTID_1":16,"OBJECTID":16,"GlobalID":"{28785CA1-F994-45FA-A66C-6BE22924BEB9}","NPU_1":null,"scenario":"ssp126","year":2025,"MEAN_FL_depth10":0.07,"MEAN_FL_depth20":0.08,"MEAN_FL_depth50":0.1,"MEAN_FL_depth100":0.11,"MEAN_FL_depth200":0.13,"MEAN_FL_depth500":0.14,"MEAN_DT_monthsExtreme3moSPEI":0.19,"MEAN_DT_totalWaterStress":0.26,"MEAN_HT_daysExceeding35C":22.95,"HT_waveMax35CMin24C_mean":0.26,"Shape__Area":0.0013350494962196535,"Shape__Length":0.2298467853195046},"geometry":{"type":"Polygon","coordinates":[[[-84.3765774840636,33.7493585415635],[-84.3709892695391,33.7513346362845],[-84.3708641666479,33.751093921947],[-84.3707220413891,33.7508176142416],[-84.3706451124819,33.7506332649133],[-84.3701760935518,33.749854221795],[-84.3696310702177,33.7492779865898],[-84.3695148112595,33.7491555357994],[-84.3692534646756,33.7488924769063],[-84.3687870007195,33.7484919962087],[-84.3686254707888,33.7483534736339],[-84.3681031733228,33.7479908705823],[-84.3681216274111,33.7467379791744],[-84.3674208738742,33.7467305327879],[-84.3667637122755,33.7467236979404],[-84.3666847535985,33.7467227959203],[-84.366282561491,33.7467186374552],[-84.3661238212573,33.7467168325159],[-84.3657142259307,33.7467119968612],[-84.3652248508462,33.7467072889103],[-84.3650397910535,33.7467048373584],[-84.3646861254643,33.7467012832377],[-84.364010045727,33.7466941210369],[-84.3637641252142,33.7466917657125],[-84.363097093556,33.7466845837266],[-84.3623042224619,33.7466762236289],[-84.3623453385665,33.7441381443599],[-84.3623249932039,33.7433832741189],[-84.3588482762269,33.7434903878711],[-84.3583166905628,33.74360786631],[-84.356747185634,33.7438418339335],[-84.3556777370379,33.7440866959443],[-84.3549403936842,33.7442609620738],[-84.3544077603099,33.7444015908608],[-84.3528017069332,33.7448605769541],[-84.3518777470603,33.7450773603319],[-84.3518284246421,33.7450887709301],[-84.351206908572,33.7452065029778],[-84.3497426890738,33.7454690798342],[-84.3492287553028,33.7455148436352],[-84.3489459077274,33.7455499585638],[-84.3486597479489,33.7455751144001],[-84.3486186345423,33.7455792971469],[-84.3471638642209,33.7456484226366],[-84.3469533086482,33.7456442632722],[-84.3452170433318,33.7456093416978],[-84.3445746764801,33.7455934353888],[-84.3443444122648,33.7456040734693],[-84.3431921630878,33.7456057264232],[-84.3419206368279,33.7455968878861],[-84.3412741960473,33.7455995220004],[-84.3409740032476,33.7455999455811],[-84.3406696870564,33.7455955658827],[-84.3398118327498,33.7455761594123],[-84.3387664599041,33.7455566657076],[-84.3386727010842,33.7455567961093],[-84.3380361258665,33.7455576819415],[-84.3379917047533,33.7455532770621],[-84.3368696709985,33.7454459294861],[-84.3358469898467,33.7452539269273],[-84.3349113243981,33.7449752270252],[-84.3347129735249,33.7449030114649],[-84.3342767708563,33.7447448917634],[-84.3340882990357,33.7446764416645],[-84.3339162470371,33.7445931968186],[-84.3331284328308,33.74421122237],[-84.332552896399,33.7438722445085],[-84.3324013597349,33.7437635479494],[-84.3321155821683,33.7435588424667],[-84.3316889788633,33.7432533256805],[-84.3316041287275,33.7431806109964],[-84.3311930639088,33.7428276639656],[-84.3306203549454,33.7422365197996],[-84.3301751842373,33.7416615670277],[-84.3296943671013,33.7411334185725],[-84.3285742992645,33.7399621856064],[-84.3293955592576,33.7399692344926],[-84.3293798660879,33.7306659412802],[-84.3291349051517,33.7306172088172],[-84.3290168961128,33.7305803923713],[-84.3270150133322,33.7297052476991],[-84.3259910866193,33.7292003323295],[-84.322780649907,33.7272739908021],[-84.3213399620695,33.7263888483667],[-84.3207695481761,33.7260301025073],[-84.321950691671,33.7254535786198],[-84.3236754096924,33.7246520884232],[-84.3257034969188,33.7237227479065],[-84.3267743187798,33.7232283977724],[-84.327160193588,33.723013461602],[-84.3274977334336,33.7227478189567],[-84.3278935268647,33.722270909375],[-84.3285474518034,33.7212375523712],[-84.3288508749679,33.7206816778173],[-84.3290466276997,33.7202302757067],[-84.3291943836139,33.7197663118658],[-84.3292929052433,33.7192933053418],[-84.329346875358,33.7184639865238],[-84.3306900137331,33.7184028748928],[-84.3307845900368,33.7189949282734],[-84.3310029876977,33.7194125068817],[-84.3313060412408,33.7197913795686],[-84.3320576550367,33.7206318868522],[-84.3323874220418,33.7214751199809],[-84.333021468366,33.7236436930021],[-84.3330061187373,33.7239916074268],[-84.3330275459844,33.7243024113273],[-84.333082077276,33.7246103742694],[-84.3331691739182,33.7249129745542],[-84.3332708692552,33.7251701051163],[-84.3333851991676,33.7254242769089],[-84.3340351239218,33.7268489703038],[-84.3341364946035,33.7269817507073],[-84.3349482775409,33.7287334627791],[-84.3386544322562,33.731656592178],[-84.3401702449608,33.7329981414511],[-84.3401981293401,33.7324200383541],[-84.3486062877499,33.7324895712368],[-84.3487346102141,33.7219783023568],[-84.349451515575,33.7221876123685],[-84.3494647248172,33.7218248222578],[-84.3494746668224,33.7206966434354],[-84.3494851358303,33.7194296758389],[-84.3494877681459,33.7191198054347],[-84.3494935148138,33.7183399754096],[-84.3494967119037,33.7179088359241],[-84.3494721765996,33.717582515121],[-84.3495032859478,33.7171314097868],[-84.3495047941109,33.7162914672775],[-84.3495052401747,33.7161142037076],[-84.3495063922062,33.7154937803137],[-84.3495070208323,33.7150145495818],[-84.3495098887703,33.7148163264124],[-84.3495140400409,33.7144473642545],[-84.3495514347509,33.7111449179037],[-84.3495425782274,33.7092936265996],[-84.3495444560118,33.7073994142516],[-84.3501622398954,33.7073725928709],[-84.3512456927345,33.7076389630677],[-84.3517524220366,33.7076024775723],[-84.3517489065867,33.707286320907],[-84.3518804459258,33.707288158222],[-84.3529195388056,33.7071708929224],[-84.3528768138139,33.7070135646243],[-84.3549988163423,33.7073503355496],[-84.3550583244821,33.7069691147329],[-84.3548821508905,33.7067799450385],[-84.355479677545,33.7066304651239],[-84.3569877407916,33.7066152180179],[-84.3574768595694,33.7071341942877],[-84.3583074554247,33.708006172447],[-84.358370081514,33.7080723769387],[-84.3592529639531,33.7087889900199],[-84.3595494128751,33.7090097627903],[-84.3596564654734,33.7090896387759],[-84.3598244444425,33.7092106443558],[-84.3606470543181,33.7098019512991],[-84.3606766986707,33.7098235476187],[-84.3612243066564,33.7102253080516],[-84.3614458231662,33.7103877939616],[-84.3614845263897,33.7104162458131],[-84.3626214322333,33.7111056382147],[-84.3631088476951,33.7114219459661],[-84.3631977681624,33.7114795187648],[-84.3641634358938,33.7120540839289],[-84.3652303771801,33.7126889414416],[-84.3653719457586,33.7127591389232],[-84.3656707230254,33.7129067203689],[-84.3665239485214,33.7131956293749],[-84.3667173027613,33.7132605874062],[-84.3670793284482,33.713382986036],[-84.3680929192528,33.7136874263337],[-84.3685906670256,33.7138367371757],[-84.3685801089848,33.7142434987385],[-84.3685695806216,33.7146629704198],[-84.3685582617543,33.7150958411003],[-84.3685431828216,33.7156788419051],[-84.3685412303934,33.7158987072596],[-84.3685387041978,33.7162243805508],[-84.3685381493161,33.7163384352706],[-84.3685317587336,33.7171210145232],[-84.3685214354159,33.7183309561088],[-84.3685079204042,33.7199339059251],[-84.368507297174,33.7200187587588],[-84.368490380027,33.7219247090581],[-84.3684759522034,33.722786657978],[-84.3684766527753,33.7234373075858],[-84.3684656073019,33.72469053534],[-84.3684643572442,33.7248588677426],[-84.3684452232684,33.7258180441675],[-84.3684211250348,33.7262561614927],[-84.3704821256495,33.7256153567633],[-84.3729881296984,33.7248267961198],[-84.3737926623015,33.7245821130741],[-84.3741967061131,33.724486963003],[-84.3747001654802,33.7244174094359],[-84.375193352791,33.7243507345988],[-84.375717484874,33.7243298091734],[-84.3767589861383,33.7243251785642],[-84.3785713817638,33.7243363967074],[-84.3785549898209,33.7248416241417],[-84.3785327873582,33.7248416628125],[-84.378553387229,33.7265324961778],[-84.3785556643124,33.7274590002327],[-84.3785527613009,33.7276160002783],[-84.3785424316878,33.7284319084059],[-84.3785342865281,33.729132729392],[-84.3785191644279,33.730340616926],[-84.3785115687539,33.7309304750614],[-84.3785015278232,33.7315292688607],[-84.3797030121842,33.7315622425035],[-84.3799242283204,33.7315677004891],[-84.3799136522932,33.731613752073],[-84.3799047912731,33.7323530496536],[-84.379896056158,33.733143533947],[-84.3798817650314,33.7343472962908],[-84.379868175376,33.7355026184511],[-84.3798674406298,33.7355380040757],[-84.3798406678125,33.7366830433878],[-84.3798836203327,33.7367595774925],[-84.3798586740385,33.7379310856512],[-84.38152064726,33.7379580725071],[-84.3815222003892,33.7385812370345],[-84.3815236195194,33.7394802578077],[-84.3815249154425,33.7400000191856],[-84.3815262122649,33.7408499153913],[-84.3815280594723,33.7415909117912],[-84.3815281916727,33.7416441588509],[-84.3815293266171,33.7424291267029],[-84.3815308572632,33.7430430165221],[-84.3815327314504,33.7434648705074],[-84.3811198706854,33.7434642140023],[-84.3810384496647,33.7434640116549],[-84.3804479557086,33.7434681269526],[-84.3804804904822,33.7439850860429],[-84.380468981858,33.7456443657949],[-84.380459741324,33.7468920878996],[-84.3807213226309,33.7468943074264],[-84.3807092968965,33.7473636680988],[-84.3806996040035,33.7474351399198],[-84.3814957819048,33.7474471557617],[-84.382155452612,33.7474679921542],[-84.3821924651102,33.747468614485],[-84.3835298163479,33.747802589418],[-84.3838392289972,33.747868004305],[-84.3838869578168,33.7478782259994],[-84.3842598383209,33.7479971181725],[-84.3851830976218,33.7482909194904],[-84.3832572570167,33.7491372507836],[-84.3810689025078,33.7487925847101],[-84.3801744592838,33.7487941351413],[-84.3792698411302,33.7488386371934],[-84.378612050006,33.7489170625724],[-84.3780776917321,33.7490210394894],[-84.3765774840636,33.7493585415635]]]}},{"type":"Feature","properties":{"NPU":"X","OBJECTID_1":21,"OBJECTID":21,"GlobalID":"{9936ED5D-95FE-4686-B4B1-86510C6BE692}","NPU_1":null,"scenario":"ssp126","year":2025,"MEAN_FL_depth10":0.11,"MEAN_FL_depth20":0.11,"MEAN_FL_depth50":0.12,"MEAN_FL_depth100":0.12,"MEAN_FL_depth200":0.12,"MEAN_FL_depth500":0.13,"MEAN_DT_monthsExtreme3moSPEI":0.19,"MEAN_DT_totalWaterStress":0.26,"MEAN_HT_daysExceeding35C":23.08,"HT_waveMax35CMin24C_mean":0.25,"Shape__Area":0.0010976573753396224,"Shape__Length":0.21006876594230114},"geometry":{"type":"MultiPolygon","coordinates":[[[[-84.3977100691643,33.6729231194065],[-84.3978062174829,33.6729243137062],[-84.3993873317599,33.6729443631918],[-84.3995516882597,33.6729464586122],[-84.4006610973317,33.6729601651795],[-84.4019595187168,33.672976594894],[-84.4034584511465,33.6729943439139],[-84.4054208716759,33.6730173647596],[-84.4069633609703,33.6730356740572],[-84.4082338404194,33.6730507188157],[-84.408505030083,33.6730539662676],[-84.4180797809571,33.6731645684901],[-84.4181091564124,33.6769923592101],[-84.4170399722169,33.6769831681387],[-84.4170199874824,33.6775767413736],[-84.4155188679014,33.6775206191813],[-84.415430488826,33.6777964691318],[-84.4153350617636,33.6780481282186],[-84.4151874281573,33.6784349032482],[-84.4151809017771,33.6784517502481],[-84.4151145444007,33.6788101903381],[-84.4150606893992,33.6792297546495],[-84.4150536602982,33.6793572200597],[-84.4150380048999,33.6796289879875],[-84.4150847867335,33.679893073007],[-84.4151499534076,33.680263272632],[-84.4151872761718,33.6806671950351],[-84.4151160903353,33.6813475375588],[-84.4158582441626,33.6813601280675],[-84.4166710811054,33.6813739452514],[-84.4168842195311,33.6813773617759],[-84.4168362685789,33.6921864798222],[-84.4154583462256,33.6921779902221],[-84.4154028535588,33.6953059132373],[-84.4153338989402,33.6953060517329],[-84.4153037176924,33.6972455971067],[-84.4296191700886,33.6974239920237],[-84.4295015441609,33.6979505037128],[-84.4293917099594,33.6986493219087],[-84.4293028938135,33.6997169116062],[-84.4288094951621,33.6997464345504],[-84.4269517943898,33.7109351285534],[-84.4268593207011,33.7113489390024],[-84.426748731069,33.7117535098167],[-84.424708793476,33.7182680836052],[-84.4244980400525,33.719001967267],[-84.4242485986939,33.7197218448873],[-84.4239667682517,33.7203349504976],[-84.4236030014773,33.7210454472896],[-84.4232216331718,33.7216446736628],[-84.4227746143569,33.7222890388081],[-84.4224514447783,33.7222773413263],[-84.4212106195744,33.7222483004188],[-84.4207065981309,33.7222493373371],[-84.4198407461535,33.7222325649809],[-84.4187586342036,33.722211417423],[-84.4185694627105,33.7221908481292],[-84.4180251300557,33.7221843999901],[-84.4179633457318,33.7242386206159],[-84.4164511563957,33.7234429984956],[-84.4150515055225,33.7228016964412],[-84.4109738075951,33.7213097373545],[-84.4098969090151,33.7208967605771],[-84.40950939834,33.7207601094915],[-84.4084467468199,33.7205360353098],[-84.4078196468592,33.7204771432056],[-84.4060722542311,33.7204061102539],[-84.4024747744912,33.7202899313353],[-84.3987059028551,33.7201338917657],[-84.3978867805504,33.720006603522],[-84.3969955209265,33.7198050105928],[-84.3965944160994,33.7196998357788],[-84.3974525042296,33.718601999183],[-84.3974770952917,33.7185741273941],[-84.3980963828417,33.7174145748228],[-84.3986390589454,33.715899604783],[-84.3991159568359,33.7146946247572],[-84.4009471536882,33.7123678483975],[-84.401742646306,33.7110396108894],[-84.4018560067493,33.7107044497506],[-84.4024447479267,33.7092391870389],[-84.40310988921,33.7074608163637],[-84.4035799765347,33.7056113605759],[-84.4038150629148,33.704705010328],[-84.4038150395324,33.7046964227018],[-84.4039569021892,33.7031468827225],[-84.4040302374055,33.7015295662366],[-84.4044608040228,33.6990038319613],[-84.4049101565784,33.6970025876993],[-84.4049578449286,33.6960807915953],[-84.4045739162532,33.6948907852816],[-84.4043068976452,33.6943695625054],[-84.4013550367055,33.6904866433439],[-84.400515292047,33.6895243354797],[-84.4001177845081,33.6890273053659],[-84.3998769721445,33.6887254488204],[-84.3995922917508,33.6883092785504],[-84.3993142159782,33.6879034001219],[-84.3988464273207,33.6869382602925],[-84.3986604789979,33.6859454501225],[-84.3986588152521,33.6859382393583],[-84.3988694571597,33.6844994625802],[-84.3988809486968,33.6835770495413],[-84.3985867615697,33.681449057528],[-84.3985440149943,33.6811385818801],[-84.3983311391707,33.6795985693186],[-84.3981578883758,33.6784294992221],[-84.3979503338408,33.6770303240903],[-84.3977505872198,33.6757826334618],[-84.3976783159015,33.6751850168751],[-84.3977100691643,33.6729231194065]]],[[[-84.4262194278842,33.6487752234978],[-84.428418312555,33.6487731505605],[-84.4284310865254,33.6567922955281],[-84.4286057330681,33.657488617206],[-84.4268721216511,33.6574833471788],[-84.4268996454023,33.6589841987618],[-84.4205604672917,33.6588644324477],[-84.4214643596924,33.6572283704929],[-84.419021026699,33.6555179669807],[-84.4189847480476,33.6487817687637],[-84.4238223317352,33.6487774394274],[-84.4250208672192,33.6486959221791],[-84.4262194278842,33.6487752234978]]]]}},{"type":"Feature","properties":{"NPU":"Y","OBJECTID_1":18,"OBJECTID":18,"GlobalID":"{E633E399-154B-4626-8E9F-1940B38F2829}","NPU_1":null,"scenario":"ssp126","year":2025,"MEAN_FL_depth10":0.06,"MEAN_FL_depth20":0.08,"MEAN_FL_depth50":0.1,"MEAN_FL_depth100":0.11,"MEAN_FL_depth200":0.11,"MEAN_FL_depth500":0.12,"MEAN_DT_monthsExtreme3moSPEI":0.19,"MEAN_DT_totalWaterStress":0.26,"MEAN_HT_daysExceeding35C":22.96,"HT_waveMax35CMin24C_mean":0.26,"Shape__Area":0.0008292534739666735,"Shape__Length":0.13355668478382246},"geometry":{"type":"Polygon","coordinates":[[[-84.3785713448916,33.7243211028367],[-84.376758949266,33.7243098846935],[-84.3757174480018,33.7243145153027],[-84.3751933159188,33.7243354407281],[-84.374700128608,33.7244021155652],[-84.3741966692409,33.7244716700316],[-84.3737926263286,33.7245668201027],[-84.3729880928262,33.7248115022491],[-84.3704820896767,33.7256000637919],[-84.3684211250348,33.7262561614927],[-84.3684451872955,33.7258027502967],[-84.3684643212713,33.7248435747712],[-84.3684655722283,33.7246752423686],[-84.3684766168024,33.7234220146144],[-84.3684759171298,33.7227713650066],[-84.3684903440541,33.7219094160868],[-84.3685072612011,33.7200034648881],[-84.3685078853306,33.7199186120544],[-84.368521399443,33.7183156631374],[-84.3685317227607,33.7171057215518],[-84.3685381133432,33.7163231413999],[-84.3685386682249,33.7162090875794],[-84.3685411953199,33.7158834133889],[-84.3685431468487,33.7156635489337],[-84.3685582257814,33.7150805472295],[-84.3685695446487,33.7146476774484],[-84.3685800730119,33.7142282057671],[-84.3685906310528,33.7138214442043],[-84.3680928832799,33.7136721315637],[-84.3670792933747,33.7133676930646],[-84.3667172676877,33.7132452935355],[-84.3665239134478,33.7131803355041],[-84.3656706870525,33.7128914273975],[-84.3653719106851,33.7127438450524],[-84.3652303421065,33.7126736484702],[-84.3641634008202,33.7120387909575],[-84.3631977330889,33.7114642248941],[-84.3631088126216,33.7114066520954],[-84.3626213971597,33.7110903452433],[-84.3614844922155,33.7104009528417],[-84.3614457880926,33.7103725009902],[-84.3612242724822,33.7102100150802],[-84.3606766644965,33.7098082546473],[-84.3606470201438,33.7097866583277],[-84.3640932501034,33.7072503830988],[-84.3642859757172,33.7070477343655],[-84.3673182837118,33.7049325037321],[-84.3689085548859,33.7049476420201],[-84.3688991965407,33.703072929672],[-84.3748534828019,33.7021984774778],[-84.3747063150444,33.7021187732628],[-84.3745087052125,33.7019851268122],[-84.3742178842479,33.7017176594425],[-84.3733334909478,33.7007349171827],[-84.3728365049008,33.7001878092201],[-84.3724219417192,33.6997312557929],[-84.3734603556109,33.6997187812968],[-84.3740971376727,33.6996032031254],[-84.3751589186492,33.6996100037987],[-84.3752448281862,33.6997272331254],[-84.3756486138924,33.6995748232196],[-84.3758537771301,33.6994341998285],[-84.3760487456531,33.6993279467274],[-84.37642192743,33.6992671939259],[-84.3769561957718,33.699251972001],[-84.3774424502089,33.699211064539],[-84.3777470937533,33.6991361123418],[-84.3781782179503,33.6989607454421],[-84.3781237783896,33.6977098001672],[-84.3803431927841,33.6977231586969],[-84.3803438726716,33.6979979852189],[-84.3826249077133,33.6979968817507],[-84.3826223941082,33.6969920467456],[-84.3848602661883,33.6969853431991],[-84.3893936209188,33.6970372826445],[-84.3896053977709,33.6975034902939],[-84.3910086351403,33.6988945184673],[-84.3921742725246,33.699321972531],[-84.3936822314498,33.6981399207208],[-84.3998956321776,33.6980547819027],[-84.4009863740219,33.6980376021536],[-84.4020510697011,33.6978136547764],[-84.4023607278652,33.6977278684464],[-84.4037365188253,33.6973470046606],[-84.4039771783041,33.6972802407905],[-84.4042802615248,33.6971965229013],[-84.4043344663625,33.6971799286109],[-84.404909367873,33.6970025885987],[-84.4044714331101,33.6990038112769],[-84.4040408664928,33.7015295464515],[-84.4039675303772,33.7031468620381],[-84.403814250827,33.7046964236011],[-84.4038142742094,33.7047050121267],[-84.4035791878292,33.7056113623745],[-84.4031091005045,33.7074608181623],[-84.40244396102,33.7092391888376],[-84.4018552189432,33.7107044515492],[-84.4017418584999,33.711039612688],[-84.4009463649827,33.7123678501962],[-84.3991151690298,33.7146946265558],[-84.3986382711392,33.7158996065816],[-84.3980955950357,33.7174145757222],[-84.3974763083849,33.7185741282934],[-84.3974517173228,33.7186020000823],[-84.3965936273939,33.7196998366782],[-84.3962096843294,33.7196060796569],[-84.3957931831089,33.7194656388282],[-84.3954634610698,33.7194580053827],[-84.395102544247,33.7193819730996],[-84.3944550269779,33.7193688546889],[-84.3938556234382,33.7194129007848],[-84.3934892801062,33.7194965952917],[-84.3931969995419,33.7195886040309],[-84.3927088079651,33.7197327725495],[-84.3914423421903,33.7201530500233],[-84.3902958495738,33.7206045870321],[-84.3850643295551,33.7232305255683],[-84.384369696804,33.7235638341037],[-84.3839487412414,33.7237392046007],[-84.383637292527,33.7238657131322],[-84.3831477780475,33.72402688873],[-84.3827745737875,33.724119151078],[-84.3824526866421,33.7241826944758],[-84.3821616057734,33.7242347328467],[-84.3818294105988,33.7242868413647],[-84.3815039891178,33.7243074475307],[-84.3809798804171,33.7243369857633],[-84.3805653343227,33.7243377043217],[-84.3802638303115,33.7243325008443],[-84.3785713448916,33.7243211028367]]]}},{"type":"Feature","properties":{"NPU":"Z","OBJECTID_1":25,"OBJECTID":25,"GlobalID":"{8CF6EA18-2747-44B6-BBF7-591775BACB4D}","NPU_1":null,"scenario":"ssp126","year":2025,"MEAN_FL_depth10":0.1,"MEAN_FL_depth20":0.11,"MEAN_FL_depth50":0.11,"MEAN_FL_depth100":0.12,"MEAN_FL_depth200":0.13,"MEAN_FL_depth500":0.14,"MEAN_DT_monthsExtreme3moSPEI":0.18,"MEAN_DT_totalWaterStress":0.26,"MEAN_HT_daysExceeding35C":23.68,"HT_waveMax35CMin24C_mean":0.28,"Shape__Area":0.0026387505693037383,"Shape__Length":0.2364774837541587},"geometry":{"type":"Polygon","coordinates":[[[-84.3495158917449,33.7073902015966],[-84.3494820079882,33.7046551393233],[-84.3494798451187,33.7044098591277],[-84.3494766399349,33.704061520223],[-84.3494664569114,33.7027468292029],[-84.3495113079005,33.7006357426454],[-84.3495150212012,33.7004491980721],[-84.3495523484621,33.6986682598324],[-84.3495628264632,33.6981821420922],[-84.349525107098,33.6967380808978],[-84.3498935854206,33.6551720733326],[-84.3498487488206,33.6479915191933],[-84.3706618173889,33.6481921255662],[-84.3751306286755,33.6482739782616],[-84.3760704184151,33.6482607105634],[-84.3767663075191,33.6482852953301],[-84.3784496567262,33.648304753062],[-84.3792736740408,33.6483170809686],[-84.3799513914435,33.6483011413846],[-84.3992802323968,33.6482845237119],[-84.3993450042685,33.6537175773044],[-84.3973770807876,33.6533010464062],[-84.3973626466688,33.6534243434587],[-84.3971941955556,33.6533851608965],[-84.3969472471177,33.6534903150261],[-84.3967115105277,33.6541335263412],[-84.3962203736713,33.6544816152344],[-84.3958865624149,33.6548528571737],[-84.3957414406149,33.6552618913233],[-84.3957075568582,33.6552620451073],[-84.3953800714331,33.6564593719025],[-84.395177227547,33.6585179146701],[-84.3952101391366,33.659663445012],[-84.3952280950006,33.6600297946393],[-84.3952670365445,33.6603949337792],[-84.3953266966697,33.6607581411753],[-84.3956054253501,33.6621995313833],[-84.3957316290114,33.6625678460293],[-84.3959393148475,33.6632086084905],[-84.3961315071633,33.6635731927487],[-84.3961573024175,33.6636747729725],[-84.3964326955124,33.6639529926366],[-84.3969659296339,33.6652645953848],[-84.3966951005984,33.6652661817889],[-84.3977633072308,33.6680579157403],[-84.3980622508722,33.6680560937138],[-84.3981075758039,33.6683076889487],[-84.3981520490777,33.6690048416002],[-84.3982111561199,33.6690881431034],[-84.3982008274062,33.6709101569782],[-84.3982701300624,33.6709143550135],[-84.3982698791515,33.6710858692176],[-84.3982206826383,33.6710834365514],[-84.3981593066067,33.672809328188],[-84.398216942358,33.672807596993],[-84.3982147642,33.6729244683896],[-84.3977100691643,33.6729231194065],[-84.3976489944055,33.6751850717337],[-84.3977212657238,33.6757826892198],[-84.3979210114455,33.6770303789489],[-84.3981285668798,33.6784295540807],[-84.398301815876,33.6795986241772],[-84.3985146908003,33.6811386367388],[-84.3985574382751,33.6814491123867],[-84.3988516245028,33.6835771043999],[-84.3988401320664,33.6844995174388],[-84.3986294901588,33.685938294217],[-84.3986311530053,33.6859455049811],[-84.3988171013281,33.6869383151512],[-84.399284890885,33.6879034558798],[-84.3995629648589,33.6883093334091],[-84.3998476461519,33.6887255045784],[-84.4000884585155,33.6890273602245],[-84.4004859651552,33.6895243912377],[-84.4012886505507,33.6904473339773],[-84.4042589134181,33.6943696560348],[-84.404556004456,33.6948908203551],[-84.404939932232,33.6960808275682],[-84.4048808278878,33.6970026443566],[-84.4043059263774,33.6971799834695],[-84.4042517206403,33.6971965777599],[-84.4039486365203,33.6972802956492],[-84.4037079779408,33.6973470595192],[-84.4023321860815,33.6977279224058],[-84.4020225288166,33.6978137087357],[-84.4009578331375,33.698037656113],[-84.3998670912932,33.6980548349627],[-84.3936536905653,33.6981399728815],[-84.3921457298415,33.6993220246918],[-84.3909800933566,33.698894570628],[-84.3895768568864,33.6975035433539],[-84.3893650800344,33.6970373339059],[-84.3848317253039,33.6969853935611],[-84.3825938532237,33.6969920971076],[-84.3825963668288,33.6979969312135],[-84.3803153317871,33.6979980346816],[-84.3803146518997,33.6977232072603],[-84.3780952375052,33.6977098487306],[-84.3781496770659,33.6989607940055],[-84.3777185528689,33.6991361609051],[-84.3774139075257,33.6992111131024],[-84.3769276530887,33.6992520214637],[-84.3763933865455,33.6992672433886],[-84.3760202047686,33.6993279943915],[-84.375620073008,33.6995748717829],[-84.3752162855031,33.6997272807894],[-84.375130375966,33.6996100523621],[-84.3740685949896,33.6996032507894],[-84.3734318138271,33.6997188289608],[-84.3723933999354,33.6997313034569],[-84.3728079631169,33.7001878568842],[-84.373304949164,33.7007349648468],[-84.3741893406655,33.7017177080058],[-84.3744801625294,33.7019851762749],[-84.3746777723613,33.7021188218262],[-84.3748249392195,33.7021985260412],[-84.3688706529582,33.7030729764368],[-84.3688800104041,33.7049476887848],[-84.3672897401294,33.7049325504968],[-84.3642574312354,33.7070477784323],[-84.3640647056216,33.7072504289642],[-84.3606184747628,33.7097867032938],[-84.3597958657866,33.7091953954512],[-84.3596278850188,33.7090743907706],[-84.3595208342191,33.7089945147851],[-84.3592243843978,33.7087737411153],[-84.358341502858,33.7080571280341],[-84.3582788776681,33.7079909235424],[-84.3574482809134,33.7071189453831],[-84.3569591765248,33.7066060080609],[-84.3554485115395,33.7066212812472],[-84.3548535866237,33.7067707332828],[-84.3550297593159,33.7069599038765],[-84.3549701846263,33.7073412344105],[-84.3528482486477,33.7070043519693],[-84.3528909745388,33.707161682066],[-84.351851881659,33.7072789455669],[-84.3517203423199,33.7072771091513],[-84.3517238577698,33.7075932649173],[-84.3512171284677,33.707629751312],[-84.3501336747292,33.7073633811152],[-84.3495158917449,33.7073902015966]]]}}]}
